問題類型,單字,目前詞性,建議詞性,例句,來源,說明
同單字詞性矛盾,American,(adj.),需人工確認,They enjoy American music and movies.,康軒-B5-U1,"同一單字 ""american"" 有 形容詞 vs 名詞 兩種標記，請確認是否正確"
同單字詞性矛盾,Australian,(adj.),需人工確認,,三民-B3-U5,"同一單字 ""australian"" 有 形容詞 vs 名詞 兩種標記，請確認是否正確"
同單字詞性矛盾,Chinese,(adj.),需人工確認,I love Chinese food because it's tasty and colorful.,康軒-B1-U2,"同一單字 ""chinese"" 有 形容詞 vs 名詞 兩種標記，請確認是否正確"
同單字詞性矛盾,French,(adj.),需人工確認,,三民-B3-U4,"同一單字 ""french"" 有 形容詞 vs 名詞 兩種標記，請確認是否正確"
同單字詞性矛盾,Moroccan,(n.),需人工確認,,三民-B2-U8,"同一單字 ""moroccan"" 有 形容詞 vs 名詞 兩種標記，請確認是否正確"
同單字詞性矛盾,Swiss,(adj.),需人工確認,,三民-B3-U3,"同一單字 ""swiss"" 有 形容詞 vs 名詞 兩種標記，請確認是否正確"
同單字詞性矛盾,access,(n.),需人工確認,"Thanks to the sports center, people now have access to the s",三民-B3-U1,"同一單字 ""access"" 有 名詞 vs 動詞 兩種標記，請確認是否正確"
同單字詞性矛盾,address,(v.),需人工確認,"In 2022, the 27th Conference of the Parties of the United Na",三民-B2-U9,"同一單字 ""address"" 有 名詞 vs 動詞 兩種標記，請確認是否正確"
同單字詞性矛盾,advance,(v.),需人工確認,The new study will advance our knowledge of this disease and,三民-B2-U7,"同一單字 ""advance"" 有 名詞 vs 動詞 兩種標記，請確認是否正確"
同單字詞性矛盾,aid,(n.),需人工確認,The Red Cross provides aid to disaster victims by offering f,三民-B3-U1,"同一單字 ""aid"" 有 名詞 vs 動詞 兩種標記，請確認是否正確"
同單字詞性矛盾,alternative,(adj.),需人工確認,"Some students prefer using alternative methods of studying, ",三民-B4-U2,"同一單字 ""alternative"" 有 形容詞 vs 名詞 兩種標記，請確認是否正確"
同單字詞性矛盾,answer,(v.),需人工確認,"Can you answer the phone for me, please?",南一-B5-U1,"同一單字 ""answer"" 有 名詞 vs 動詞 兩種標記，請確認是否正確"
同單字詞性矛盾,answer,(n.),需人工確認,I believe that you know the right answer to this question.,南一-B4-U5,"同一單字 ""answer"" 有 名詞 vs 動詞 兩種標記，請確認是否正確"
同單字詞性矛盾,appeal,(v.),需人工確認,The speech appealed to people’s sense of justice and encoura,三民-B2-U5,"同一單字 ""appeal"" 有 名詞 vs 動詞 兩種標記，請確認是否正確"
同單字詞性矛盾,appearance,(v.),需人工確認,The sun finally appeared after three days of rain.,龍騰-B3-U5,"同一單字 ""appearance"" 有 名詞 vs 動詞 兩種標記，請確認是否正確"
同單字詞性矛盾,arrival,(v.),需人工確認,We should arrive at the train station an hour before the dep,龍騰-B3-U4,"同一單字 ""arrival"" 有 名詞 vs 動詞 兩種標記，請確認是否正確"
同單字詞性矛盾,associate,(v.),需人工確認,"People usually associate summer with ice cream, beaches, and",三民-B4-U9,"同一單字 ""associate"" 有 名詞 vs 動詞 兩種標記，請確認是否正確"
同單字詞性矛盾,attack,(n.),需人工確認,The dog made a loud noise during the attack.,翰林-B5-U3,"同一單字 ""attack"" 有 名詞 vs 動詞 兩種標記，請確認是否正確"
同單字詞性矛盾,attempt,(v.),需人工確認,Charlie attempted to work out the answer to this difficult m,三民-B2-U2,"同一單字 ""attempt"" 有 名詞 vs 動詞 兩種標記，請確認是否正確"
同單字詞性矛盾,attention,(v.),需人工確認,Many students attended the school's annual science fair.,龍騰-B1-U2,"同一單字 ""attention"" 有 名詞 vs 動詞 兩種標記，請確認是否正確"
同單字詞性矛盾,award,(n.),需人工確認,"After years of research, the scientist won a major award for",三民-B3-U9,"同一單字 ""award"" 有 名詞 vs 動詞 兩種標記，請確認是否正確"
同單字詞性矛盾,baby,(n.),需人工確認,The baby is sleeping .,翰林-B1-U1,"同一單字 ""baby"" 有 形容詞 vs 名詞 兩種標記，請確認是否正確"
同單字詞性矛盾,back,(n.),需人工確認,Please write your phone number on the back of this card.,康軒-B3-U3,"同一單字 ""back"" 有 形容詞 vs 名詞 兩種標記，請確認是否正確"
同單字詞性矛盾,balance,(n.),需人工確認,It is essential for an employee to keep a balance between wo,三民-B3-U5,"同一單字 ""balance"" 有 名詞 vs 動詞 兩種標記，請確認是否正確"
同單字詞性矛盾,bandage,(n.),需人工確認,The nurse carefully wrapped a bandage around the student’s e,三民-B3-U8,"同一單字 ""bandage"" 有 名詞 vs 動詞 兩種標記，請確認是否正確"
同單字詞性矛盾,beloved,(n.),需人工確認,"Cynthia is Mario’s beloved, his closest confidant, and his g",三民-B4-U9,"同一單字 ""beloved"" 有 形容詞 vs 名詞 兩種標記，請確認是否正確"
同單字詞性矛盾,bias,(n.),需人工確認,The managers avoided any gender bias when choosing new emplo,三民-B3-U5,"同一單字 ""bias"" 有 名詞 vs 動詞 兩種標記，請確認是否正確"
同單字詞性矛盾,blank,(adj.),需人工確認,Please fill in the blank space with your name.,翰林-B5-U6,"同一單字 ""blank"" 有 形容詞 vs 名詞 兩種標記，請確認是否正確"
同單字詞性矛盾,blend,(n.),需人工確認,With  many tall buildings and ancient temples spread through,三民-B3-U9,"同一單字 ""blend"" 有 名詞 vs 動詞 兩種標記，請確認是否正確"
同單字詞性矛盾,block,(n.),需人工確認,My office is just one block away from here.,康軒-B3-U6,"同一單字 ""block"" 有 名詞 vs 動詞 兩種標記，請確認是否正確"
同單字詞性矛盾,block,(n.),需人工確認,My school is two blocks away.,翰林-B3-U5,"同一單字 ""block"" 有 名詞 vs 動詞 兩種標記，請確認是否正確"
同單字詞性矛盾,blossom,(v.),需人工確認,"After years of personal growth and self-discovery, Ella has ",三民-B4-U3,"同一單字 ""blossom"" 有 名詞 vs 動詞 兩種標記，請確認是否正確"
同單字詞性矛盾,blur,(v.),需人工確認,The details of the distant mountains began to blur as the fo,三民-B4-U6,"同一單字 ""blur"" 有 名詞 vs 動詞 兩種標記，請確認是否正確"
同單字詞性矛盾,bomb,(n.),需人工確認,"While filming this movie, the director demanded that safety ",三民-B4-U5,"同一單字 ""bomb"" 有 名詞 vs 動詞 兩種標記，請確認是否正確"
同單字詞性矛盾,bond,(n.),需人工確認,Victor and Samuel have been close friends since they were in,三民-B4-U4,"同一單字 ""bond"" 有 名詞 vs 動詞 兩種標記，請確認是否正確"
同單字詞性矛盾,boom,(n.),需人工確認,There was a sudden boom in online shopping during the holida,三民-B4-U1,"同一單字 ""boom"" 有 名詞 vs 動詞 兩種標記，請確認是否正確"
同單字詞性矛盾,boost,(n.),需人工確認,The positive feedback from my teacher gave a boost to my ent,三民-B5-U2,"同一單字 ""boost"" 有 名詞 vs 動詞 兩種標記，請確認是否正確"
同單字詞性矛盾,bottom,(adj.),需人工確認,The bottom drawer is empty.,康軒-B5-U6,"同一單字 ""bottom"" 有 形容詞 vs 名詞 兩種標記，請確認是否正確"
同單字詞性矛盾,bow,(n.),需人工確認,Lily wore a pink bow in her hair.,翰林-B5-U5,"同一單字 ""bow"" 有 名詞 vs 動詞 兩種標記，請確認是否正確"
同單字詞性矛盾,bow,(n.),需人工確認,The musician moved the bow across the strings.,康軒-B6-U3,"同一單字 ""bow"" 有 名詞 vs 動詞 兩種標記，請確認是否正確"
同單字詞性矛盾,break,(v.),需人工確認,Be careful not to break the glass.,翰林-B3-U3,"同一單字 ""break"" 有 名詞 vs 動詞 兩種標記，請確認是否正確"
同單字詞性矛盾,break,(v.),需人工確認,Be careful not to break the glass.,南一-B3-U2,"同一單字 ""break"" 有 名詞 vs 動詞 兩種標記，請確認是否正確"
同單字詞性矛盾,breeze,(n.),需人工確認,"Yvonne sat under a tree reading a book, with her hair blowin",三民-B4-U3,"同一單字 ""breeze"" 有 名詞 vs 動詞 兩種標記，請確認是否正確"
同單字詞性矛盾,brown,(adj.),需人工確認,Kevin has a brown dog named Coco.,翰林-B1-U2,"同一單字 ""brown"" 有 形容詞 vs 名詞 兩種標記，請確認是否正確"
同單字詞性矛盾,bruise,(n.),需人工確認,The bruises on Melissa’s legs are from falling down the stai,三民-B3-U4,"同一單字 ""bruise"" 有 名詞 vs 動詞 兩種標記，請確認是否正確"
同單字詞性矛盾,burden,(v.),需人工確認,This mature boy never expresses his worries to his parents b,三民-B2-U6,"同一單字 ""burden"" 有 名詞 vs 動詞 兩種標記，請確認是否正確"
同單字詞性矛盾,call,(v.),需人工確認,I will call you back in five minutes.,康軒-B3-U2,"同一單字 ""call"" 有 名詞 vs 動詞 兩種標記，請確認是否正確"
同單字詞性矛盾,capable,(adj.),需人工確認,She is very capable and can handle difficult tasks easily.,龍騰-B3-U2,"同一單字 ""capable"" 有 形容詞 vs 名詞 兩種標記，請確認是否正確"
同單字詞性矛盾,capture,(v.),需人工確認,"As a wedding photographer, Niki’s job is to capture the impo",三民-B4-U5,"同一單字 ""capture"" 有 名詞 vs 動詞 兩種標記，請確認是否正確"
同單字詞性矛盾,change,(n.),需人工確認,Here is your change.,翰林-B3-U6,"同一單字 ""change"" 有 名詞 vs 動詞 兩種標記，請確認是否正確"
同單字詞性矛盾,change,(v.),需人工確認,I want to change my plan because I am too busy today.,南一-B4-U5,"同一單字 ""change"" 有 名詞 vs 動詞 兩種標記，請確認是否正確"
同單字詞性矛盾,characteristic,(adj.),需人工確認,"These colorful houses are characteristic of Burano, an islan",三民-B3-U4,"同一單字 ""characteristic"" 有 形容詞 vs 名詞 兩種標記，請確認是否正確"
同單字詞性矛盾,chat,(n.),需人工確認,We had a nice chat after dinner.,康軒-B1-U5,"同一單字 ""chat"" 有 名詞 vs 動詞 兩種標記，請確認是否正確"
同單字詞性矛盾,chat,(n.),需人工確認,"Tom and Sheldon haven’t seen each other for a year, so they ",三民-B4-U4,"同一單字 ""chat"" 有 名詞 vs 動詞 兩種標記，請確認是否正確"
同單字詞性矛盾,civilization,(n.),需人工確認,Ancient Egypt was one of the earliest great civilizations in,龍騰-B3-U3,"同一單字 ""civilization"" 有 名詞 vs 動詞 兩種標記，請確認是否正確"
同單字詞性矛盾,cold,(adj.),需人工確認,The water is too cold.,南一-B2-U2,"同一單字 ""cold"" 有 形容詞 vs 名詞 兩種標記，請確認是否正確"
同單字詞性矛盾,cold,(adj.),需人工確認,It is very cold in the mountains.,翰林-B2-U6,"同一單字 ""cold"" 有 形容詞 vs 名詞 兩種標記，請確認是否正確"
同單字詞性矛盾,collapse,(v.),需人工確認,"John’s company collapsed when he lost all of his money, leav",三民-B3-U7,"同一單字 ""collapse"" 有 名詞 vs 動詞 兩種標記，請確認是否正確"
同單字詞性矛盾,comb,(n.),需人工確認,I need a comb for my messy hair.,翰林-B5-U2,"同一單字 ""comb"" 有 名詞 vs 動詞 兩種標記，請確認是否正確"
同單字詞性矛盾,comment,(n.),需人工確認,She made a positive comment about my work.,南一-B5-U4,"同一單字 ""comment"" 有 名詞 vs 動詞 兩種標記，請確認是否正確"
同單字詞性矛盾,comment,(n.),需人工確認,"In this online learning program, viewers can leave comments ",三民-B4-U4,"同一單字 ""comment"" 有 名詞 vs 動詞 兩種標記，請確認是否正確"
同單字詞性矛盾,communicate,(v.),需人工確認,It's important to communicate clearly with your teammates.,龍騰-B1-U2,"同一單字 ""communicate"" 有 名詞 vs 動詞 兩種標記，請確認是否正確"
同單字詞性矛盾,compromise,(n.),需人工確認,"After hours of negotiation, the two parties finally reached ",三民-B5-U6,"同一單字 ""compromise"" 有 名詞 vs 動詞 兩種標記，請確認是否正確"
同單字詞性矛盾,concept,(n.),需人工確認,The concept of democracy ensures that all citizens have a sa,龍騰-B3-U4,"同一單字 ""concept"" 有 名詞 vs 動詞 兩種標記，請確認是否正確"
同單字詞性矛盾,concrete,(n.),需人工確認,"Unlike traditional houses which are made of wood, modern apa",三民-B3-U6,"同一單字 ""concrete"" 有 形容詞 vs 名詞 兩種標記，請確認是否正確"
同單字詞性矛盾,conflict,(n.),需人工確認,The students are in conflict with the teachers because they ,三民-B2-U2,"同一單字 ""conflict"" 有 名詞 vs 動詞 兩種標記，請確認是否正確"
同單字詞性矛盾,connect,(n.),需人工確認,There's a strong connection between regular exercise and goo,龍騰-B1-U2,"同一單字 ""connect"" 有 名詞 vs 動詞 兩種標記，請確認是否正確"
同單字詞性矛盾,construct,(v.),需人工確認,Workers are constructing a new bridge across the river.,龍騰-B3-U2,"同一單字 ""construct"" 有 名詞 vs 動詞 兩種標記，請確認是否正確"
同單字詞性矛盾,contemporary,(adj.),需人工確認,Contemporary art often challenges traditional ideas of what ,三民-B5-U4,"同一單字 ""contemporary"" 有 形容詞 vs 名詞 兩種標記，請確認是否正確"
同單字詞性矛盾,content,(v.),需人工確認,Nothing could content the baby more than a warm bottle of mi,,"同一單字 ""content"" 有 名詞 vs 動詞 兩種標記，請確認是否正確"
同單字詞性矛盾,content,(n.),需人工確認,The content of the graduation speech deeply moved the studen,三民-B4-U4,"同一單字 ""content"" 有 名詞 vs 動詞 兩種標記，請確認是否正確"
同單字詞性矛盾,contrast,(n.),需人工確認,The contrast between the bustling city streets and the peace,三民-B3-U6,"同一單字 ""contrast"" 有 名詞 vs 動詞 兩種標記，請確認是否正確"
同單字詞性矛盾,converse,(v.),需人工確認,I love to converse with my grandparents about their life exp,,"同一單字 ""converse"" 有 形容詞 vs 動詞 兩種標記，請確認是否正確"
同單字詞性矛盾,converse,(adj.),需人工確認,The partners’ goals are converse: one seeks to expand the bu,三民-B5-U4,"同一單字 ""converse"" 有 形容詞 vs 動詞 兩種標記，請確認是否正確"
同單字詞性矛盾,cook,(n.),需人工確認,My aunt is a great cook.,康軒-B1-U1,"同一單字 ""cook"" 有 名詞 vs 動詞 兩種標記，請確認是否正確"
同單字詞性矛盾,core,(n.),需人工確認,The core of the problem is a lack of communication.,龍騰-B5-U3,"同一單字 ""core"" 有 形容詞 vs 名詞 兩種標記，請確認是否正確"
同單字詞性矛盾,core,(adj.),需人工確認,The team focused on core values like honesty and teamwork to,三民-B5-U4,"同一單字 ""core"" 有 形容詞 vs 名詞 兩種標記，請確認是否正確"
同單字詞性矛盾,cost,(v.),需人工確認,How much does this book cost?,翰林-B3-U6,"同一單字 ""cost"" 有 名詞 vs 動詞 兩種標記，請確認是否正確"
同單字詞性矛盾,cover,(v.),需人工確認,Please cover the pot while cooking.,翰林-B5-U6,"同一單字 ""cover"" 有 名詞 vs 動詞 兩種標記，請確認是否正確"
同單字詞性矛盾,craft,(n.),需人工確認,She sells beautiful handmade crafts at the local market ever,,"同一單字 ""craft"" 有 名詞 vs 動詞 兩種標記，請確認是否正確"
同單字詞性矛盾,craft,(v.),需人工確認,,三民-B4-U1,"同一單字 ""craft"" 有 名詞 vs 動詞 兩種標記，請確認是否正確"
同單字詞性矛盾,criminal,(adj.),需人工確認,Those who have a criminal record often have difficulty getti,三民-B3-U4,"同一單字 ""criminal"" 有 形容詞 vs 名詞 兩種標記，請確認是否正確"
同單字詞性矛盾,criticism,(adj.),需人工確認,Getting good grades in high school is critical for universit,龍騰-B4-U9,"同一單字 ""criticism"" 有 形容詞 vs 名詞 兩種標記，請確認是否正確"
同單字詞性矛盾,cue,(n.),需人工確認,"Linda took her manager’s yawn as a cue to end the meeting, s",三民-B5-U4,"同一單字 ""cue"" 有 名詞 vs 動詞 兩種標記，請確認是否正確"
同單字詞性矛盾,deal,(n.),需人工確認,The two companies made a deal.,康軒-B5-U6,"同一單字 ""deal"" 有 名詞 vs 動詞 兩種標記，請確認是否正確"
同單字詞性矛盾,debate,(n.),需人工確認,There is a heated debate about the best age to start learnin,三民-B2-U2,"同一單字 ""debate"" 有 名詞 vs 動詞 兩種標記，請確認是否正確"
同單字詞性矛盾,debut,(n.),需人工確認,The singer made her debut at the music festival last night.,,"同一單字 ""debut"" 有 名詞 vs 動詞 兩種標記，請確認是否正確"
同單字詞性矛盾,debut,(v.),需人工確認,"The brand debuted a new marketing campaign, aiming to captur",三民-B4-U4,"同一單字 ""debut"" 有 名詞 vs 動詞 兩種標記，請確認是否正確"
同單字詞性矛盾,decline,(v.),需人工確認,With leopard cats continuing to decline in number because of,三民-B2-U9,"同一單字 ""decline"" 有 名詞 vs 動詞 兩種標記，請確認是否正確"
同單字詞性矛盾,delay,(v.),需人工確認,"Because of the typhoon, the ball game is delayed until next ",三民-B2-U2,"同一單字 ""delay"" 有 名詞 vs 動詞 兩種標記，請確認是否正確"
同單字詞性矛盾,delight,(n.),需人工確認,"To Luke’s delight, his grandparents gave him the bike he had",三民-B5-U2,"同一單字 ""delight"" 有 名詞 vs 動詞 兩種標記，請確認是否正確"
同單字詞性矛盾,demand,(v.),需人工確認,The president of the Hip-Hop Dance Club demanded an explanat,三民-B5-U6,"同一單字 ""demand"" 有 名詞 vs 動詞 兩種標記，請確認是否正確"
同單字詞性矛盾,deny,(v.),需人工確認,"He denied stealing the money, despite the strong evidence.",龍騰-B1-U2,"同一單字 ""deny"" 有 名詞 vs 動詞 兩種標記，請確認是否正確"
同單字詞性矛盾,design,(n.),需人工確認,Amy helped design the class poster.,康軒-B1-U4,"同一單字 ""design"" 有 名詞 vs 動詞 兩種標記，請確認是否正確"
同單字詞性矛盾,design,(v.),需人工確認,The engineers designed a new online pre-order application to,三民-B2-U3,"同一單字 ""design"" 有 名詞 vs 動詞 兩種標記，請確認是否正確"
同單字詞性矛盾,despair,(n.),需人工確認,The victims of the earthquake were in despair because they h,三民-B5-U3,"同一單字 ""despair"" 有 名詞 vs 動詞 兩種標記，請確認是否正確"
同單字詞性矛盾,dim,(adj.),需人工確認,"In the dim light of the room, I could hardly read the words ",三民-B4-U6,"同一單字 ""dim"" 有 形容詞 vs 動詞 兩種標記，請確認是否正確"
同單字詞性矛盾,disposable,(adj.),需人工確認,The government encourages tea shops to offer discounts to cu,三民-B5-U2,"同一單字 ""disposable"" 有 形容詞 vs 名詞 兩種標記，請確認是否正確"
同單字詞性矛盾,distance,(n.),需人工確認,The distance from Taipei to Kaohsiung is quite far.,龍騰-B1-U3,"同一單字 ""distance"" 有 形容詞 vs 名詞 兩種標記，請確認是否正確"
同單字詞性矛盾,distribution,(v.),需人工確認,The teacher will distribute the test papers after class.,龍騰-B3-U3,"同一單字 ""distribution"" 有 名詞 vs 動詞 兩種標記，請確認是否正確"
同單字詞性矛盾,divide,(n.),需人工確認,Experts worry that a war will break out between the two coun,三民-B2-U2,"同一單字 ""divide"" 有 名詞 vs 動詞 兩種標記，請確認是否正確"
同單字詞性矛盾,document,(v.),需人工確認,This book focuses on nineteenth-century British history and ,三民-B4-U5,"同一單字 ""document"" 有 名詞 vs 動詞 兩種標記，請確認是否正確"
同單字詞性矛盾,doubt,(n.),需人工確認,Jessica’s parents had doubt about her passing the challengin,三民-B3-U8,"同一單字 ""doubt"" 有 名詞 vs 動詞 兩種標記，請確認是否正確"
同單字詞性矛盾,dream,(n.),需人工確認,My dream is to travel around the world.,康軒-B3-U4,"同一單字 ""dream"" 有 名詞 vs 動詞 兩種標記，請確認是否正確"
同單字詞性矛盾,dress,(v.),需人工確認,She likes to dress up for parties.,翰林-B3-U6,"同一單字 ""dress"" 有 名詞 vs 動詞 兩種標記，請確認是否正確"
同單字詞性矛盾,drip,(v.),需人工確認,The tap needs to be repaired. It keeps dripping.,三民-B2-U1,"同一單字 ""drip"" 有 名詞 vs 動詞 兩種標記，請確認是否正確"
同單字詞性矛盾,dry,(adj.),需人工確認,My hands feel very dry in the winter.,康軒-B3-U3,"同一單字 ""dry"" 有 形容詞 vs 動詞 兩種標記，請確認是否正確"
同單字詞性矛盾,ease,(v.),需人工確認,Eating healthy food and exercising regularly can help ease y,三民-B2-U9,"同一單字 ""ease"" 有 名詞 vs 動詞 兩種標記，請確認是否正確"
同單字詞性矛盾,east,(n.),需人工確認,The sun rises in the east.,康軒-B3-U6,"同一單字 ""east"" 有 形容詞 vs 名詞 兩種標記，請確認是否正確"
同單字詞性矛盾,element,(n.),需人工確認,Communication is a key element of a successful relationship.,龍騰-B3-U2,"同一單字 ""element"" 有 形容詞 vs 名詞 兩種標記，請確認是否正確"
同單字詞性矛盾,embrace,(v.),需人工確認,,三民-B3-U2,"同一單字 ""embrace"" 有 名詞 vs 動詞 兩種標記，請確認是否正確"
同單字詞性矛盾,encounter,(v.),需人工確認,"If you encounter any difficulties, please let me know so tha",三民-B3-U5,"同一單字 ""encounter"" 有 名詞 vs 動詞 兩種標記，請確認是否正確"
同單字詞性矛盾,end,(n.),需人工確認,The movie has a happy end.,翰林-B3-U2,"同一單字 ""end"" 有 名詞 vs 動詞 兩種標記，請確認是否正確"
同單字詞性矛盾,endeavor,(n.),需人工確認,The volunteers made every endeavor to support the community ,三民-B5-U1,"同一單字 ""endeavor"" 有 名詞 vs 動詞 兩種標記，請確認是否正確"
同單字詞性矛盾,entrance,(v.),需人工確認,Please enter your password to log in.,龍騰-B3-U5,"同一單字 ""entrance"" 有 名詞 vs 動詞 兩種標記，請確認是否正確"
同單字詞性矛盾,equal,(adj.),需人工確認,Martin Luther King’s major goal was to achieve equal rights ,三民-B3-U1,"同一單字 ""equal"" 有 形容詞 vs 動詞 兩種標記，請確認是否正確"
同單字詞性矛盾,escape,(n.),需人工確認,Many people like to watch soap operas because they are an es,三民-B2-U3,"同一單字 ""escape"" 有 名詞 vs 動詞 兩種標記，請確認是否正確"
同單字詞性矛盾,essential,(n.),需人工確認,The essence of her argument was that everyone deserves equal,龍騰-B3-U4,"同一單字 ""essential"" 有 形容詞 vs 名詞 兩種標記，請確認是否正確"
同單字詞性矛盾,essential,(adj.),需人工確認,"Air, water, and food are essential for human beings. No one ",三民-B2-U7,"同一單字 ""essential"" 有 形容詞 vs 名詞 兩種標記，請確認是否正確"
同單字詞性矛盾,estimate,(v.),需人工確認,The Harry Potter books are estimated to have sold more than ,三民-B3-U1,"同一單字 ""estimate"" 有 名詞 vs 動詞 兩種標記，請確認是否正確"
同單字詞性矛盾,excerpt,(n.),需人工確認,The teacher assigned the students to analyze an excerpt from,三民-B4-U9,"同一單字 ""excerpt"" 有 名詞 vs 動詞 兩種標記，請確認是否正確"
同單字詞性矛盾,exercise,(n.),需人工確認,We did three grammar exercises in class.,翰林-B5-U5,"同一單字 ""exercise"" 有 名詞 vs 動詞 兩種標記，請確認是否正確"
同單字詞性矛盾,exercise,(v.),需人工確認,Swimming is a good exercise for your health.,康軒-B2-U1,"同一單字 ""exercise"" 有 名詞 vs 動詞 兩種標記，請確認是否正確"
同單字詞性矛盾,experience,(n.),需人工確認,It was a good experience.,翰林-B3-U5,"同一單字 ""experience"" 有 名詞 vs 動詞 兩種標記，請確認是否正確"
同單字詞性矛盾,explore,(v.),需人工確認,We decided to explore the ancient cave during our trip.,龍騰-B3-U2,"同一單字 ""explore"" 有 名詞 vs 動詞 兩種標記，請確認是否正確"
同單字詞性矛盾,face,(n.),需人工確認,Wash your face with warm water.,康軒-B2-U1,"同一單字 ""face"" 有 名詞 vs 動詞 兩種標記，請確認是否正確"
同單字詞性矛盾,face,(n.),需人工確認,He has a smile on his face.,南一-B2-U2,"同一單字 ""face"" 有 名詞 vs 動詞 兩種標記，請確認是否正確"
同單字詞性矛盾,faint,(v.),需人工確認,"Despite her remarkable academic performance, Julia didn’t wa",三民-B4-U6,"同一單字 ""faint"" 有 名詞 vs 動詞 兩種標記，請確認是否正確"
同單字詞性矛盾,fall,(n.),需人工確認,Fall is a great time to go hiking.,翰林-B3-U1,"同一單字 ""fall"" 有 名詞 vs 動詞 兩種標記，請確認是否正確"
同單字詞性矛盾,fall,(n.),需人工確認,Leaves turn red in fall.,南一-B2-U2,"同一單字 ""fall"" 有 名詞 vs 動詞 兩種標記，請確認是否正確"
同單字詞性矛盾,favorite,(adj.),需人工確認,What is your favorite movie of all time?,康軒-B3-U6,"同一單字 ""favorite"" 有 形容詞 vs 名詞 兩種標記，請確認是否正確"
同單字詞性矛盾,favorite,(n.),需人工確認,Ice cream is Jason's favorite.,翰林-B1-U2,"同一單字 ""favorite"" 有 形容詞 vs 名詞 兩種標記，請確認是否正確"
同單字詞性矛盾,female,(adj.),需人工確認,"The club only accepts female members, so men are not allowed",三民-B3-U3,"同一單字 ""female"" 有 形容詞 vs 名詞 兩種標記，請確認是否正確"
同單字詞性矛盾,fight,(n.),需人工確認,There was a small fight over a toy.,翰林-B1-U3,"同一單字 ""fight"" 有 名詞 vs 動詞 兩種標記，請確認是否正確"
同單字詞性矛盾,firm,(adj.),需人工確認,"Growing up in a religious family, Melissa developed a firm b",三民-B3-U3,"同一單字 ""firm"" 有 形容詞 vs 名詞 兩種標記，請確認是否正確"
同單字詞性矛盾,first,(adj.),需人工確認,This is my first English book.,翰林-B1-U5,"同一單字 ""first"" 有 形容詞 vs 名詞 兩種標記，請確認是否正確"
同單字詞性矛盾,following,(n.),需人工確認,Answer the following questions carefully.,康軒-B2-U2,"同一單字 ""following"" 有 形容詞 vs 名詞 兩種標記，請確認是否正確"
同單字詞性矛盾,following,(adj.),需人工確認,"Jeremy’s wallet was stolen the other day. Strangely, it appe",三民-B2-U6,"同一單字 ""following"" 有 形容詞 vs 名詞 兩種標記，請確認是否正確"
同單字詞性矛盾,fool,(v.),需人工確認,Don't try to fool your teacher.,康軒-B5-U6,"同一單字 ""fool"" 有 名詞 vs 動詞 兩種標記，請確認是否正確"
同單字詞性矛盾,form,(v.),需人工確認,Clouds form when water in the air gets cold.,康軒-B5-U4,"同一單字 ""form"" 有 名詞 vs 動詞 兩種標記，請確認是否正確"
同單字詞性矛盾,form,(v.),需人工確認,"The team has worked together for ten years, so the members h",三民-B3-U9,"同一單字 ""form"" 有 名詞 vs 動詞 兩種標記，請確認是否正確"
同單字詞性矛盾,fourth,(adj.),需人工確認,Today is the fourth day of school.,翰林-B1-U5,"同一單字 ""fourth"" 有 形容詞 vs 名詞 兩種標記，請確認是否正確"
同單字詞性矛盾,freeze,(v.),需人工確認,Water will freeze when it is very cold.,南一-B1-U6,"同一單字 ""freeze"" 有 名詞 vs 動詞 兩種標記，請確認是否正確"
同單字詞性矛盾,freeze ,(v.),需人工確認,The water in the bottle froze last night.,康軒-B5-U1,"同一單字 ""freeze"" 有 名詞 vs 動詞 兩種標記，請確認是否正確"
同單字詞性矛盾,fun,(n.),需人工確認,Playing board games with friends is fun.,翰林-B3-U1,"同一單字 ""fun"" 有 形容詞 vs 名詞 兩種標記，請確認是否正確"
同單字詞性矛盾,furious,(adj.),需人工確認,My mom was furious when she found out I broke her vase.,龍騰-B3-U3,"同一單字 ""furious"" 有 形容詞 vs 名詞 兩種標記，請確認是否正確"
同單字詞性矛盾,future,(n.),需人工確認,What are your plans for the future?,康軒-B3-U4,"同一單字 ""future"" 有 形容詞 vs 名詞 兩種標記，請確認是否正確"
同單字詞性矛盾,future,(n.),需人工確認,What do you want to be in the future?,翰林-B3-U4,"同一單字 ""future"" 有 形容詞 vs 名詞 兩種標記，請確認是否正確"
同單字詞性矛盾,gain,(v.),需人工確認,The experienced teacher quickly gained control of the noisy ,三民-B3-U4,"同一單字 ""gain"" 有 名詞 vs 動詞 兩種標記，請確認是否正確"
同單字詞性矛盾,generous,(adj.),需人工確認,My aunt is very generous and always shares her food.,龍騰-B3-U3,"同一單字 ""generous"" 有 形容詞 vs 名詞 兩種標記，請確認是否正確"
同單字詞性矛盾,glow,(v.),需人工確認,The city skyline glowed with the lights of skyscrapers again,三民-B4-U7,"同一單字 ""glow"" 有 名詞 vs 動詞 兩種標記，請確認是否正確"
同單字詞性矛盾,graduate,(v.),需人工確認,My brother will graduate from high school soon.,南一-B6-U4,"同一單字 ""graduate"" 有 名詞 vs 動詞 兩種標記，請確認是否正確"
同單字詞性矛盾,graduate,(n.),需人工確認,My graduation ceremony will be held next month; I'm so excit,龍騰-B3-U2,"同一單字 ""graduate"" 有 名詞 vs 動詞 兩種標記，請確認是否正確"
同單字詞性矛盾,gray,(adj.),需人工確認,The sky looks gray today.,康軒-B5-U6,"同一單字 ""gray"" 有 形容詞 vs 名詞 兩種標記，請確認是否正確"
同單字詞性矛盾,guarantee,(v.),需人工確認,George believed his excellent performance at work would guar,三民-B2-U5,"同一單字 ""guarantee"" 有 名詞 vs 動詞 兩種標記，請確認是否正確"
同單字詞性矛盾,guard,(n.),需人工確認,The security guard at the mall quickly responded when the al,三民-B5-U4,"同一單字 ""guard"" 有 名詞 vs 動詞 兩種標記，請確認是否正確"
同單字詞性矛盾,guess,(v.),需人工確認,Can you guess what's in the box?,翰林-B5-U2,"同一單字 ""guess"" 有 名詞 vs 動詞 兩種標記，請確認是否正確"
同單字詞性矛盾,guide,(n.),需人工確認,"The lake is located deep in the mountains, and travelers may",三民-B2-U1,"同一單字 ""guide"" 有 名詞 vs 動詞 兩種標記，請確認是否正確"
同單字詞性矛盾,hand,(n.),需人工確認,Please raise your hand if you have a question.,康軒-B3-U2,"同一單字 ""hand"" 有 名詞 vs 動詞 兩種標記，請確認是否正確"
同單字詞性矛盾,hand,(n.),需人工確認,I hurt my hand while playing basketball.,翰林-B1-U3,"同一單字 ""hand"" 有 名詞 vs 動詞 兩種標記，請確認是否正確"
同單字詞性矛盾,handle,(v.),需人工確認,I believe that Darren can handle the problem very well. Just,三民-B2-U2,"同一單字 ""handle"" 有 名詞 vs 動詞 兩種標記，請確認是否正確"
同單字詞性矛盾,harvest,(v.),需人工確認,"With rich soil and plenty of water, rice in this area can be",三民-B2-U9,"同一單字 ""harvest"" 有 名詞 vs 動詞 兩種標記，請確認是否正確"
同單字詞性矛盾,haunt,(v.),需人工確認,Regret over past decisions can haunt a person for years.,三民-B5-U5,"同一單字 ""haunt"" 有 名詞 vs 動詞 兩種標記，請確認是否正確"
同單字詞性矛盾,head,(n.),需人工確認,He nodded his head to show that he agreed.,康軒-B3-U2,"同一單字 ""head"" 有 名詞 vs 動詞 兩種標記，請確認是否正確"
同單字詞性矛盾,head,(v.),需人工確認,Let's head to the beach.,翰林-B6-U1,"同一單字 ""head"" 有 名詞 vs 動詞 兩種標記，請確認是否正確"
同單字詞性矛盾,heat,(n.),需人工確認,The heat in summer can be very strong.,翰林-B5-U6,"同一單字 ""heat"" 有 名詞 vs 動詞 兩種標記，請確認是否正確"
同單字詞性矛盾,help,(n.),需人工確認,I need some help with my homework.,翰林-B1-U6,"同一單字 ""help"" 有 名詞 vs 動詞 兩種標記，請確認是否正確"
同單字詞性矛盾,hesitate,(v.),需人工確認,Don't hesitate to ask if you have any questions about the as,龍騰-B3-U1,"同一單字 ""hesitate"" 有 名詞 vs 動詞 兩種標記，請確認是否正確"
同單字詞性矛盾,highlight,(v.),需人工確認,This research article highlights the benefits of exercising ,三民-B3-U5,"同一單字 ""highlight"" 有 名詞 vs 動詞 兩種標記，請確認是否正確"
同單字詞性矛盾,historic,(n.),需人工確認,My brother loves reading about ancient Roman history.,龍騰-B3-U5,"同一單字 ""historic"" 有 形容詞 vs 名詞 兩種標記，請確認是否正確"
同單字詞性矛盾,hit,(v.),需人工確認,Don't hit your brother.,翰林-B3-U5,"同一單字 ""hit"" 有 名詞 vs 動詞 兩種標記，請確認是否正確"
同單字詞性矛盾,honor,(v.),需人工確認,We honor the soldiers on this day.,南一-B6-U3,"同一單字 ""honor"" 有 名詞 vs 動詞 兩種標記，請確認是否正確"
同單字詞性矛盾,honor,(n.),需人工確認,"He won the game, and it was a big honor for his school.",南一-B4-U6,"同一單字 ""honor"" 有 名詞 vs 動詞 兩種標記，請確認是否正確"
同單字詞性矛盾,hook,(n.),需人工確認,Tom used a picture hook to hang up his favorite photograph i,三民-B5-U6,"同一單字 ""hook"" 有 名詞 vs 動詞 兩種標記，請確認是否正確"
同單字詞性矛盾,hope,(v.),需人工確認,I hope we can travel again next year.,康軒-B5-U3,"同一單字 ""hope"" 有 名詞 vs 動詞 兩種標記，請確認是否正確"
同單字詞性矛盾,hunt,(n.),需人工確認,The children are on an egg hunt.,南一-B1-U4,"同一單字 ""hunt"" 有 名詞 vs 動詞 兩種標記，請確認是否正確"
同單字詞性矛盾,hunt,(v.),需人工確認,The lions hunt for food at night.,南一-B5-U2,"同一單字 ""hunt"" 有 名詞 vs 動詞 兩種標記，請確認是否正確"
同單字詞性矛盾,hurt / hurt,(v.),需人工確認,Be careful not to hurt yourself with that knife.,康軒-B3-U2,"同一單字 ""hurt / hurt"" 有 形容詞 vs 動詞 兩種標記，請確認是否正確"
同單字詞性矛盾,ignore,(v.),需人工確認,Don't ignore the teacher when she's speaking.,龍騰-B1-U2,"同一單字 ""ignore"" 有 名詞 vs 動詞 兩種標記，請確認是否正確"
同單字詞性矛盾,immortal,(n.),需人工確認,Greek myths are filled with stories of immortals and their a,三民-B5-U3,"同一單字 ""immortal"" 有 形容詞 vs 名詞 兩種標記，請確認是否正確"
同單字詞性矛盾,import,(v.),需人工確認,"With its high demand for oil, India imports more than one mi",三民-B2-U9,"同一單字 ""import"" 有 名詞 vs 動詞 兩種標記，請確認是否正確"
同單字詞性矛盾,impressive,(adj.),需人工確認,Her presentation was really impressive; everyone applauded.,龍騰-B1-U3,"同一單字 ""impressive"" 有 形容詞 vs 動詞 兩種標記，請確認是否正確"
同單字詞性矛盾,individual,(n.),需人工確認,"You don’t need to find a partner, since both individuals and",三民-B3-U4,"同一單字 ""individual"" 有 形容詞 vs 名詞 兩種標記，請確認是否正確"
同單字詞性矛盾,inspire,(n.),需人工確認,His art is a great inspiration to young painters.,龍騰-B1-U2,"同一單字 ""inspire"" 有 名詞 vs 動詞 兩種標記，請確認是否正確"
同單字詞性矛盾,insult,(n.),需人工確認,“Carrot” is Anne’s nickname at school because of her red hai,三民-B4-U3,"同一單字 ""insult"" 有 名詞 vs 動詞 兩種標記，請確認是否正確"
同單字詞性矛盾,interest,(n.),需人工確認,He has a big interest in music.,康軒-B5-U2,"同一單字 ""interest"" 有 名詞 vs 動詞 兩種標記，請確認是否正確"
同單字詞性矛盾,interview,(n.),需人工確認,Lisa had an interview for her first job.,康軒-B5-U4,"同一單字 ""interview"" 有 名詞 vs 動詞 兩種標記，請確認是否正確"
同單字詞性矛盾,interview,(v.),需人工確認,The teacher will interview the new student.,翰林-B3-U4,"同一單字 ""interview"" 有 名詞 vs 動詞 兩種標記，請確認是否正確"
同單字詞性矛盾,jam,(v.),需人工確認,The fancy all-you-can-eat restaurant is always jammed with d,三民-B2-U1,"同一單字 ""jam"" 有 名詞 vs 動詞 兩種標記，請確認是否正確"
同單字詞性矛盾,joyous,(n.),需人工確認,Seeing her family after a long time brought her great joy.,龍騰-B3-U4,"同一單字 ""joyous"" 有 形容詞 vs 名詞 兩種標記，請確認是否正確"
同單字詞性矛盾,jump rope,(n.),需人工確認,Jump rope is a fun exercise.,康軒-B5-U6,"同一單字 ""jump rope"" 有 名詞 vs 動詞 兩種標記，請確認是否正確"
同單字詞性矛盾,kind,(adj.),需人工確認,The teacher is very kind to all the students.,翰林-B3-U1,"同一單字 ""kind"" 有 形容詞 vs 名詞 兩種標記，請確認是否正確"
同單字詞性矛盾,kind,(adj.),需人工確認,Thank you for being so kind to me.,南一-B1-U4,"同一單字 ""kind"" 有 形容詞 vs 名詞 兩種標記，請確認是否正確"
同單字詞性矛盾,labor,(n.),需人工確認,The farmers endured hours of labor under the blazing sun to ,三民-B4-U9,"同一單字 ""labor"" 有 名詞 vs 動詞 兩種標記，請確認是否正確"
同單字詞性矛盾,land,(v.),需人工確認,The ball landed in the pool.,翰林-B5-U3,"同一單字 ""land"" 有 名詞 vs 動詞 兩種標記，請確認是否正確"
同單字詞性矛盾,last,(adj.),需人工確認,We went to the beach last summer.,南一-B3-U1,"同一單字 ""last"" 有 形容詞 vs 動詞 兩種標記，請確認是否正確"
同單字詞性矛盾,last,(adj.),需人工確認,This is the last train tonight.,康軒-B2-U1,"同一單字 ""last"" 有 形容詞 vs 動詞 兩種標記，請確認是否正確"
同單字詞性矛盾,lie,(v.),需人工確認,It's better to tell the truth than to lie.,康軒-B5-U4,"同一單字 ""lie"" 有 名詞 vs 動詞 兩種標記，請確認是否正確"
同單字詞性矛盾,lie,(n.),需人工確認,I can't believe you told a lie.,翰林-B5-U2,"同一單字 ""lie"" 有 名詞 vs 動詞 兩種標記，請確認是否正確"
同單字詞性矛盾,light,(adj.),需人工確認,This bag is light and easy to carry.,翰林-B5-U5,"同一單字 ""light"" 有 形容詞 vs 名詞 兩種標記，請確認是否正確"
同單字詞性矛盾,light,(n.),需人工確認,Please turn on the light; it's too dark.,南一-B5-U2,"同一單字 ""light"" 有 形容詞 vs 名詞 兩種標記，請確認是否正確"
同單字詞性矛盾,list,(n.),需人工確認,I made a shopping list before going to the market.,康軒-B5-U2,"同一單字 ""list"" 有 名詞 vs 動詞 兩種標記，請確認是否正確"
同單字詞性矛盾,list,(n.),需人工確認,I made a shopping list.,翰林-B5-U4,"同一單字 ""list"" 有 名詞 vs 動詞 兩種標記，請確認是否正確"
同單字詞性矛盾,little,(n.),需人工確認,I only have a little money left.,南一-B3-U5,"同一單字 ""little"" 有 形容詞 vs 名詞 兩種標記，請確認是否正確"
同單字詞性矛盾,little,(adj.),需人工確認,Look at that cute little dog.,翰林-B2-U5,"同一單字 ""little"" 有 形容詞 vs 名詞 兩種標記，請確認是否正確"
同單字詞性矛盾,local,(adj.),需人工確認,We tried some local food at the night market.,康軒-B3-U5,"同一單字 ""local"" 有 形容詞 vs 名詞 兩種標記，請確認是否正確"
同單字詞性矛盾,local,(n.),需人工確認,Ask a local for the best food nearby.,南一-B6-U2,"同一單字 ""local"" 有 形容詞 vs 名詞 兩種標記，請確認是否正確"
同單字詞性矛盾,magic,(adj.),需人工確認,This magic pen can write in the air!,翰林-B1-U3,"同一單字 ""magic"" 有 形容詞 vs 名詞 兩種標記，請確認是否正確"
同單字詞性矛盾,manufacture,(v.),需人工確認,The company manufactures high-quality sneakers that are popu,三民-B4-U1,"同一單字 ""manufacture"" 有 名詞 vs 動詞 兩種標記，請確認是否正確"
同單字詞性矛盾,mark,(n.),需人工確認,I put a mark on the page I like.,康軒-B5-U5,"同一單字 ""mark"" 有 名詞 vs 動詞 兩種標記，請確認是否正確"
同單字詞性矛盾,mark,(v.),需人工確認,Mark the answer on the paper.,南一-B2-U3,"同一單字 ""mark"" 有 名詞 vs 動詞 兩種標記，請確認是否正確"
同單字詞性矛盾,master,(n.),需人工確認,People who believe that they are the master of their own fat,三民-B2-U6,"同一單字 ""master"" 有 名詞 vs 動詞 兩種標記，請確認是否正確"
同單字詞性矛盾,match,(v.),需人工確認,Your socks do not match your shoes.,康軒-B6-U3,"同一單字 ""match"" 有 名詞 vs 動詞 兩種標記，請確認是否正確"
同單字詞性矛盾,match,(n.),需人工確認,Our school team won the football match yesterday.,,"同一單字 ""match"" 有 名詞 vs 動詞 兩種標記，請確認是否正確"
同單字詞性矛盾,matter,(v.),需人工確認,It does not matter if you win or lose the game.,康軒-B4-U3,"同一單字 ""matter"" 有 名詞 vs 動詞 兩種標記，請確認是否正確"
同單字詞性矛盾,matter,(n.),需人工確認,I do not know what the matter is with my computer.,翰林-B4-U5,"同一單字 ""matter"" 有 名詞 vs 動詞 兩種標記，請確認是否正確"
同單字詞性矛盾,mean,(v.),需人工確認,What does this word mean?,翰林-B3-U1,"同一單字 ""mean"" 有 形容詞 vs 動詞 兩種標記，請確認是否正確"
同單字詞性矛盾,mean,(adj.),需人工確認,Don't be so mean to your little sister.,南一-B5-U1,"同一單字 ""mean"" 有 形容詞 vs 動詞 兩種標記，請確認是否正確"
同單字詞性矛盾,measure,(v.),需人工確認,Scientists measure the temperature of the ocean every day.,龍騰-B4-U8,"同一單字 ""measure"" 有 名詞 vs 動詞 兩種標記，請確認是否正確"
同單字詞性矛盾,measure,(n.),需人工確認,The report recommended that the government take more measure,三民-B3-U5,"同一單字 ""measure"" 有 名詞 vs 動詞 兩種標記，請確認是否正確"
同單字詞性矛盾,middle,(n.),需人工確認,He was standing in the middle of the room.,康軒-B3-U3,"同一單字 ""middle"" 有 形容詞 vs 名詞 兩種標記，請確認是否正確"
同單字詞性矛盾,mock,(v.),需人工確認,Lisa was punished by her teacher because she mocked the timi,三民-B4-U9,"同一單字 ""mock"" 有 形容詞 vs 動詞 兩種標記，請確認是否正確"
同單字詞性矛盾,monkey,(adj.),需人工確認,The monkey jumped from tree to tree.,康軒-B1-U2,"同一單字 ""monkey"" 有 形容詞 vs 名詞 兩種標記，請確認是否正確"
同單字詞性矛盾,monkey,(n.),需人工確認,The monkey is jumping from tree to tree.,翰林-B1-U6,"同一單字 ""monkey"" 有 形容詞 vs 名詞 兩種標記，請確認是否正確"
同單字詞性矛盾,mop,(v.),需人工確認,My sister mops the floor every evening.,翰林-B3-U3,"同一單字 ""mop"" 有 名詞 vs 動詞 兩種標記，請確認是否正確"
同單字詞性矛盾,move,(v.),需人工確認,We will move to a new house next week.,翰林-B3-U3,"同一單字 ""move"" 有 名詞 vs 動詞 兩種標記，請確認是否正確"
同單字詞性矛盾,narrow,(adj.),需人工確認,The narrow path through the forest was barely wide enough fo,三民-B3-U6,"同一單字 ""narrow"" 有 形容詞 vs 動詞 兩種標記，請確認是否正確"
同單字詞性矛盾,native,(n.),需人工確認,"By speaking Spanish with the locals every day, Emma achieved",三民-B2-U4,"同一單字 ""native"" 有 形容詞 vs 名詞 兩種標記，請確認是否正確"
同單字詞性矛盾,neglect,(v.),需人工確認,Parents should never neglect spending quality time with thei,三民-B4-U2,"同一單字 ""neglect"" 有 名詞 vs 動詞 兩種標記，請確認是否正確"
同單字詞性矛盾,north,(n.),需人工確認,The wind is coming from the north today.,康軒-B3-U6,"同一單字 ""north"" 有 形容詞 vs 名詞 兩種標記，請確認是否正確"
同單字詞性矛盾,notice,(v.),需人工確認,Did you notice the new poster on the wall?,翰林-B5-U5,"同一單字 ""notice"" 有 名詞 vs 動詞 兩種標記，請確認是否正確"
同單字詞性矛盾,nurture,(v.),需人工確認,Sue nurtures her plants with daily watering and proper sunli,三民-B4-U7,"同一單字 ""nurture"" 有 名詞 vs 動詞 兩種標記，請確認是否正確"
同單字詞性矛盾,order,(v.),需人工確認,We ordered three pizzas for lunch.,翰林-B3-U1,"同一單字 ""order"" 有 名詞 vs 動詞 兩種標記，請確認是否正確"
同單字詞性矛盾,outline,(n.),需人工確認,The outline of the ship could be seen against the setting su,三民-B4-U6,"同一單字 ""outline"" 有 名詞 vs 動詞 兩種標記，請確認是否正確"
同單字詞性矛盾,outside,(n.),需人工確認,It's cold outside.,翰林-B5-U4,"同一單字 ""outside"" 有 形容詞 vs 名詞 兩種標記，請確認是否正確"
同單字詞性矛盾,own,(adj.),需人工確認,She hopes to have her own business someday.,康軒-B3-U5,"同一單字 ""own"" 有 形容詞 vs 動詞 兩種標記，請確認是否正確"
同單字詞性矛盾,pace,(v.),需人工確認,"During a marathon, it’s important to pace oneself to avoid b",三民-B5-U2,"同一單字 ""pace"" 有 名詞 vs 動詞 兩種標記，請確認是否正確"
同單字詞性矛盾,pack,(n.),需人工確認,I bought a pack of cards at the store.,翰林-B5-U3,"同一單字 ""pack"" 有 名詞 vs 動詞 兩種標記，請確認是否正確"
同單字詞性矛盾,pack,(v.),需人工確認,I need to pack my bags for the trip.,南一-B5-U6,"同一單字 ""pack"" 有 名詞 vs 動詞 兩種標記，請確認是否正確"
同單字詞性矛盾,package,(v.),需人工確認,A package from Grandma arrived today.,康軒-B5-U5,"同一單字 ""package"" 有 名詞 vs 動詞 兩種標記，請確認是否正確"
同單字詞性矛盾,paint,(n.),需人工確認,We need more blue paint for the project.,康軒-B5-U6,"同一單字 ""paint"" 有 名詞 vs 動詞 兩種標記，請確認是否正確"
同單字詞性矛盾,parallel,(n.),需人工確認,There are so many parallels between the two robberies that t,三民-B3-U7,"同一單字 ""parallel"" 有 形容詞 vs 名詞 兩種標記，請確認是否正確"
同單字詞性矛盾,participate,(v.),需人工確認,Everyone is encouraged to participate in the school festival,龍騰-B3-U4,"同一單字 ""participate"" 有 名詞 vs 動詞 兩種標記，請確認是否正確"
同單字詞性矛盾,past,(n.),需人工確認,It's important to learn from the past.,康軒-B3-U3,"同一單字 ""past"" 有 形容詞 vs 名詞 兩種標記，請確認是否正確"
同單字詞性矛盾,past,(adj.),需人工確認,We talked about our past memories.,翰林-B3-U3,"同一單字 ""past"" 有 形容詞 vs 名詞 兩種標記，請確認是否正確"
同單字詞性矛盾,paste,(n.),需人工確認,The student used paste to fix the paper.,康軒-B5-U6,"同一單字 ""paste"" 有 名詞 vs 動詞 兩種標記，請確認是否正確"
同單字詞性矛盾,patient,(n.),需人工確認,The doctor told the patient that if he took the medicine reg,三民-B2-U7,"同一單字 ""patient"" 有 形容詞 vs 名詞 兩種標記，請確認是否正確"
同單字詞性矛盾,pay,(v.),需人工確認,I will pay for the dinner.,翰林-B3-U6,"同一單字 ""pay"" 有 名詞 vs 動詞 兩種標記，請確認是否正確"
同單字詞性矛盾,peak,(n.),需人工確認,The writer won three Pulitzer Prizes in a row. She is at the,三民-B3-U8,"同一單字 ""peak"" 有 名詞 vs 動詞 兩種標記，請確認是否正確"
同單字詞性矛盾,perceive,(v.),需人工確認,I could perceive a subtle change in her tone of voice.,,"同一單字 ""perceive"" 有 名詞 vs 動詞 兩種標記，請確認是否正確"
同單字詞性矛盾,perceive,(n.),需人工確認,The artist challenged traditional perceptions of beauty with,三民-B4-U6,"同一單字 ""perceive"" 有 名詞 vs 動詞 兩種標記，請確認是否正確"
同單字詞性矛盾,picnic,(v.),需人工確認,Let's have a picnic in the park.,南一-B1-U5,"同一單字 ""picnic"" 有 名詞 vs 動詞 兩種標記，請確認是否正確"
同單字詞性矛盾,picnic,(n.),需人工確認,"If it is sunny tomorrow, we will go on a picnic.",康軒-B4-U4,"同一單字 ""picnic"" 有 名詞 vs 動詞 兩種標記，請確認是否正確"
同單字詞性矛盾,picture,(n.),需人工確認,I took a picture of the panda at the zoo.,康軒-B1-U2,"同一單字 ""picture"" 有 名詞 vs 動詞 兩種標記，請確認是否正確"
同單字詞性矛盾,picture,(n.),需人工確認,My sister drew a beautiful picture.,南一-B1-U1,"同一單字 ""picture"" 有 名詞 vs 動詞 兩種標記，請確認是否正確"
同單字詞性矛盾,pink,(n.),需人工確認,Pink is Lily's favorite color.,康軒-B5-U5,"同一單字 ""pink"" 有 形容詞 vs 名詞 兩種標記，請確認是否正確"
同單字詞性矛盾,place,(n.),需人工確認,The library is my favorite place to read.,翰林-B1-U3,"同一單字 ""place"" 有 名詞 vs 動詞 兩種標記，請確認是否正確"
同單字詞性矛盾,place,(n.),需人工確認,This is a good place for a picnic.,南一-B1-U2,"同一單字 ""place"" 有 名詞 vs 動詞 兩種標記，請確認是否正確"
同單字詞性矛盾,plan,(v.),需人工確認,We need to plan our trip carefully.,康軒-B3-U4,"同一單字 ""plan"" 有 名詞 vs 動詞 兩種標記，請確認是否正確"
同單字詞性矛盾,plant,(v.),需人工確認,My grandpa likes to plant vegetables.,南一-B3-U1,"同一單字 ""plant"" 有 名詞 vs 動詞 兩種標記，請確認是否正確"
同單字詞性矛盾,plant,(n.),需人工確認,My mom grows a plant on the balcony because she likes flower,南一-B4-U5,"同一單字 ""plant"" 有 名詞 vs 動詞 兩種標記，請確認是否正確"
同單字詞性矛盾,play,(n.),需人工確認,We are going to see a play tonight.,翰林-B3-U5,"同一單字 ""play"" 有 名詞 vs 動詞 兩種標記，請確認是否正確"
同單字詞性矛盾,play,(v.),需人工確認,Mike will play the prince in the school play.,翰林-B5-U5,"同一單字 ""play"" 有 名詞 vs 動詞 兩種標記，請確認是否正確"
同單字詞性矛盾,poison,(n.),需人工確認,The poison from the snake bite quickly spread through the hi,三民-B4-U7,"同一單字 ""poison"" 有 名詞 vs 動詞 兩種標記，請確認是否正確"
同單字詞性矛盾,pop,(v.),需人工確認,The balloon popped loudly.,康軒-B5-U5,"同一單字 ""pop"" 有 名詞 vs 動詞 兩種標記，請確認是否正確"
同單字詞性矛盾,pop,(n.),需人工確認,My favorite pop star is Taylor Swift.,翰林-B5-U1,"同一單字 ""pop"" 有 名詞 vs 動詞 兩種標記，請確認是否正確"
同單字詞性矛盾,post,(n.),需人工確認,I read your post on the school website.,翰林-B5-U2,"同一單字 ""post"" 有 名詞 vs 動詞 兩種標記，請確認是否正確"
同單字詞性矛盾,potential,(n.),需人工確認,"With her talent for painting, Laura has great potential to b",三民-B3-U3,"同一單字 ""potential"" 有 形容詞 vs 名詞 兩種標記，請確認是否正確"
同單字詞性矛盾,praise,(v.),需人工確認,The teacher praised the students for their excellent present,三民-B3-U3,"同一單字 ""praise"" 有 名詞 vs 動詞 兩種標記，請確認是否正確"
同單字詞性矛盾,preference,(v.),需人工確認,"I prefer coffee over tea, especially in the morning.",龍騰-B3-U4,"同一單字 ""preference"" 有 名詞 vs 動詞 兩種標記，請確認是否正確"
同單字詞性矛盾,premium,(n.),需人工確認,We pay a high premium for our car insurance every year.,,"同一單字 ""premium"" 有 形容詞 vs 名詞 兩種標記，請確認是否正確"
同單字詞性矛盾,premium,(adj.),需人工確認,"Mary purchased premium tickets for the theater, which includ",三民-B5-U6,"同一單字 ""premium"" 有 形容詞 vs 名詞 兩種標記，請確認是否正確"
同單字詞性矛盾,present,(v.),需人工確認,The students will present their posters in class today.,康軒-B5-U3,"同一單字 ""present"" 有 名詞 vs 動詞 兩種標記，請確認是否正確"
同單字詞性矛盾,process,(v.),需人工確認,The politician hasn’t said anything publicly yet since he is,三民-B2-U6,"同一單字 ""process"" 有 名詞 vs 動詞 兩種標記，請確認是否正確"
同單字詞性矛盾,professional,(n.),需人工確認,Many rich people often hire professionals to help them with ,三民-B2-U7,"同一單字 ""professional"" 有 形容詞 vs 名詞 兩種標記，請確認是否正確"
同單字詞性矛盾,progress,(n.),需人工確認,You have made great progress in English.,南一-B3-U4,"同一單字 ""progress"" 有 名詞 vs 動詞 兩種標記，請確認是否正確"
同單字詞性矛盾,progress,(v.),需人工確認,"Tessa used to be a sales clerk in the shop, and now she has ",三民-B3-U2,"同一單字 ""progress"" 有 名詞 vs 動詞 兩種標記，請確認是否正確"
同單字詞性矛盾,prompt,(n.),需人工確認,"When you close a file, a prompt may ask whether you want to ",三民-B3-U2,"同一單字 ""prompt"" 有 名詞 vs 動詞 兩種標記，請確認是否正確"
同單字詞性矛盾,public,(n.),需人工確認,The park is open to the public.,翰林-B5-U5,"同一單字 ""public"" 有 形容詞 vs 名詞 兩種標記，請確認是否正確"
同單字詞性矛盾,purple,(n.),需人工確認,Amy wore a beautiful dress in purple.,康軒-B5-U5,"同一單字 ""purple"" 有 形容詞 vs 名詞 兩種標記，請確認是否正確"
同單字詞性矛盾,quote,(v.),需人工確認,David liked to quote a line from famous philosophers in his ,三民-B4-U5,"同一單字 ""quote"" 有 名詞 vs 動詞 兩種標記，請確認是否正確"
同單字詞性矛盾,rain,(v.),需人工確認,It started to rain suddenly.,南一-B2-U2,"同一單字 ""rain"" 有 名詞 vs 動詞 兩種標記，請確認是否正確"
同單字詞性矛盾,raise,(v.),需人工確認,My parents raised me to be kind and honest.,康軒-B5-U3,"同一單字 ""raise"" 有 名詞 vs 動詞 兩種標記，請確認是否正確"
同單字詞性矛盾,raise,(n.),需人工確認,My boss gave me a raise last month.,南一-B5-U1,"同一單字 ""raise"" 有 名詞 vs 動詞 兩種標記，請確認是否正確"
同單字詞性矛盾,recall,(v.),需人工確認,I recall my grandmother telling us fascinating stories every,三民-B5-U2,"同一單字 ""recall"" 有 名詞 vs 動詞 兩種標記，請確認是否正確"
同單字詞性矛盾,recognize,(v.),需人工確認,"I hadn't seen him in years, so I didn't recognize him at fir",龍騰-B3-U4,"同一單字 ""recognize"" 有 名詞 vs 動詞 兩種標記，請確認是否正確"
同單字詞性矛盾,refuse,(v.),需人工確認,"I asked him for help, but he flatly refused.",龍騰-B3-U1,"同一單字 ""refuse"" 有 名詞 vs 動詞 兩種標記，請確認是否正確"
同單字詞性矛盾,release,(v.),需人工確認,After the doctors were sure that the patient had fully recov,三民-B4-U3,"同一單字 ""release"" 有 名詞 vs 動詞 兩種標記，請確認是否正確"
同單字詞性矛盾,rely,(v.),需人工確認,You can always rely on your best friends when you need help ,龍騰-B3-U2,"同一單字 ""rely"" 有 名詞 vs 動詞 兩種標記，請確認是否正確"
同單字詞性矛盾,remark,(v.),需人工確認,"During the class discussion, Warner remarked on the signific",三民-B4-U2,"同一單字 ""remark"" 有 名詞 vs 動詞 兩種標記，請確認是否正確"
同單字詞性矛盾,report,(n.),需人工確認,The teacher asked us to write a book report.,康軒-B3-U1,"同一單字 ""report"" 有 名詞 vs 動詞 兩種標記，請確認是否正確"
同單字詞性矛盾,rescue,(n.),需人工確認,"After hours of searching, the rescue of the missing child br",三民-B5-U5,"同一單字 ""rescue"" 有 名詞 vs 動詞 兩種標記，請確認是否正確"
同單字詞性矛盾,resemble,(v.),需人工確認,She closely resembles her older sister.,龍騰-B3-U4,"同一單字 ""resemble"" 有 名詞 vs 動詞 兩種標記，請確認是否正確"
同單字詞性矛盾,respond,(v.),需人工確認,The company has not responded to my complaint yet.,龍騰-B1-U2,"同一單字 ""respond"" 有 名詞 vs 動詞 兩種標記，請確認是否正確"
同單字詞性矛盾,rest,(n.),需人工確認,Let's take a short rest under the tree.,康軒-B1-U6,"同一單字 ""rest"" 有 名詞 vs 動詞 兩種標記，請確認是否正確"
同單字詞性矛盾,rest,(v.),需人工確認,You look tired; you should rest.,南一-B5-U2,"同一單字 ""rest"" 有 名詞 vs 動詞 兩種標記，請確認是否正確"
同單字詞性矛盾,reward,(v.),需人工確認,Ms. Pfeiffer rewarded her employees with free movie tickets ,三民-B3-U4,"同一單字 ""reward"" 有 名詞 vs 動詞 兩種標記，請確認是否正確"
同單字詞性矛盾,ride / rode,(v.),需人工確認,We rode our bikes all the way to the park.,康軒-B3-U6,"同一單字 ""ride / rode"" 有 名詞 vs 動詞 兩種標記，請確認是否正確"
同單字詞性矛盾,right,(adj.),需人工確認,Your answer is right!,翰林-B1-U6,"同一單字 ""right"" 有 形容詞 vs 名詞 兩種標記，請確認是否正確"
同單字詞性矛盾,right,(n.),需人工確認,Everyone has the right to learn.,翰林-B3-U4,"同一單字 ""right"" 有 形容詞 vs 名詞 兩種標記，請確認是否正確"
同單字詞性矛盾,ring,(n.),需人工確認,She has a ring on her finger.,翰林-B3-U6,"同一單字 ""ring"" 有 名詞 vs 動詞 兩種標記，請確認是否正確"
同單字詞性矛盾,ring,(n.),需人工確認,She wears a gold ring on her finger.,康軒-B6-U3,"同一單字 ""ring"" 有 名詞 vs 動詞 兩種標記，請確認是否正確"
同單字詞性矛盾,rise,(v.),需人工確認,The sun rises at 5:45 a.m. in summer.,康軒-B1-U5,"同一單字 ""rise"" 有 名詞 vs 動詞 兩種標記，請確認是否正確"
同單字詞性矛盾,rise,(n.),需人工確認,The sun rises early in summer.,康軒-B5-U5,"同一單字 ""rise"" 有 名詞 vs 動詞 兩種標記，請確認是否正確"
同單字詞性矛盾,rival,(n.),需人工確認,"In the Olympic Games, athletes compete with outstanding riva",三民-B4-U3,"同一單字 ""rival"" 有 名詞 vs 動詞 兩種標記，請確認是否正確"
同單字詞性矛盾,rock,(n.),需人工確認,He sat on a large rock by the river.,康軒-B3-U3,"同一單字 ""rock"" 有 名詞 vs 動詞 兩種標記，請確認是否正確"
同單字詞性矛盾,romantic,(n.),需人工確認,Her favorite movies are always about romance and adventure.,龍騰-B1-U2,"同一單字 ""romantic"" 有 形容詞 vs 名詞 兩種標記，請確認是否正確"
同單字詞性矛盾,romantic,(adj.),需人工確認,Princewill planned a romantic evening by the beach.,三民-B5-U3,"同一單字 ""romantic"" 有 形容詞 vs 名詞 兩種標記，請確認是否正確"
同單字詞性矛盾,row,(v.),需人工確認,We need to row the boat together to make it move.,康軒-B3-U6,"同一單字 ""row"" 有 名詞 vs 動詞 兩種標記，請確認是否正確"
同單字詞性矛盾,row,(n.),需人工確認,We sat in the front row of the theater.,南一-B5-U5,"同一單字 ""row"" 有 名詞 vs 動詞 兩種標記，請確認是否正確"
同單字詞性矛盾,run,(n.),需人工確認,He is going for a run in the park.,南一-B5-U2,"同一單字 ""run"" 有 名詞 vs 動詞 兩種標記，請確認是否正確"
同單字詞性矛盾,run,(v.),需人工確認,My brother runs very fast and often wins races.,,"同一單字 ""run"" 有 名詞 vs 動詞 兩種標記，請確認是否正確"
同單字詞性矛盾,sacrifice,(v.),需人工確認,The soldiers sacrificed their lives for their country at the,三民-B3-U2,"同一單字 ""sacrifice"" 有 名詞 vs 動詞 兩種標記，請確認是否正確"
同單字詞性矛盾,scar,(n.),需人工確認,The surgery left a small scar on Rita's arm. If she didn’t t,三民-B3-U4,"同一單字 ""scar"" 有 名詞 vs 動詞 兩種標記，請確認是否正確"
同單字詞性矛盾,scent,(n.),需人工確認,"The sweet scent of fresh flowers filled the store, making th",三民-B5-U2,"同一單字 ""scent"" 有 名詞 vs 動詞 兩種標記，請確認是否正確"
同單字詞性矛盾,scrape,(v.),需人工確認,The tree branches scraped against the window during the typh,三民-B5-U5,"同一單字 ""scrape"" 有 名詞 vs 動詞 兩種標記，請確認是否正確"
同單字詞性矛盾,second,(adj.),需人工確認,I live on the second floor.,翰林-B1-U5,"同一單字 ""second"" 有 形容詞 vs 名詞 兩種標記，請確認是否正確"
同單字詞性矛盾,secret,(n.),需人工確認,She told me a special secret.,康軒-B5-U6,"同一單字 ""secret"" 有 形容詞 vs 名詞 兩種標記，請確認是否正確"
同單字詞性矛盾,secure,(adj.),需人工確認,Jason spent lots of money on an alarm system in order to kee,三民-B3-U2,"同一單字 ""secure"" 有 形容詞 vs 動詞 兩種標記，請確認是否正確"
同單字詞性矛盾,separate,(v.),需人工確認,Jerry still doesn’t know how to separate egg whites from the,三民-B2-U7,"同一單字 ""separate"" 有 形容詞 vs 動詞 兩種標記，請確認是否正確"
同單字詞性矛盾,set,(v.),需人工確認,He set a good example for us.,翰林-B5-U2,"同一單字 ""set"" 有 名詞 vs 動詞 兩種標記，請確認是否正確"
同單字詞性矛盾,set,(v.),需人工確認,Please set the timer for 10 minutes.,翰林-B5-U4,"同一單字 ""set"" 有 名詞 vs 動詞 兩種標記，請確認是否正確"
同單字詞性矛盾,shadow,(n.),需人工確認,"In a cinema, anyone who stands and blocks the projector woul",三民-B4-U6,"同一單字 ""shadow"" 有 名詞 vs 動詞 兩種標記，請確認是否正確"
同單字詞性矛盾,shape,(v.),需人工確認,Good habits shape who you become.,翰林-B5-U4,"同一單字 ""shape"" 有 名詞 vs 動詞 兩種標記，請確認是否正確"
同單字詞性矛盾,shape,(v.),需人工確認,Our experiences shape who we are today.,南一-B3-U6,"同一單字 ""shape"" 有 名詞 vs 動詞 兩種標記，請確認是否正確"
同單字詞性矛盾,shelter,(n.),需人工確認,"After losing her job and apartment, Sarah found temporary re",三民-B4-U8,"同一單字 ""shelter"" 有 名詞 vs 動詞 兩種標記，請確認是否正確"
同單字詞性矛盾,shiver,(n.),需人工確認,The sudden cold breeze in the dark forest sent shivers down ,三民-B5-U5,"同一單字 ""shiver"" 有 名詞 vs 動詞 兩種標記，請確認是否正確"
同單字詞性矛盾,show,(n.),需人工確認,We watched a great show last night.,翰林-B3-U2,"同一單字 ""show"" 有 名詞 vs 動詞 兩種標記，請確認是否正確"
同單字詞性矛盾,show,(n.),需人工確認,What's your favorite TV show?,南一-B1-U1,"同一單字 ""show"" 有 名詞 vs 動詞 兩種標記，請確認是否正確"
同單字詞性矛盾,sign,(n.),需人工確認,"That sign means ""no parking.""",康軒-B1-U2,"同一單字 ""sign"" 有 名詞 vs 動詞 兩種標記，請確認是否正確"
同單字詞性矛盾,sign,(n.),需人工確認,The sign says “No Running.”,翰林-B1-U3,"同一單字 ""sign"" 有 名詞 vs 動詞 兩種標記，請確認是否正確"
同單字詞性矛盾,signal,(v.),需人工確認,"The traffic policeman stood at the busy intersection, raisin",三民-B4-U4,"同一單字 ""signal"" 有 名詞 vs 動詞 兩種標記，請確認是否正確"
同單字詞性矛盾,smile,(v.),需人工確認,She smiled at me in the hallway.,翰林-B5-U3,"同一單字 ""smile"" 有 名詞 vs 動詞 兩種標記，請確認是否正確"
同單字詞性矛盾,smoke,(n.),需人工確認,We saw smoke coming from the kitchen.,翰林-B5-U6,"同一單字 ""smoke"" 有 名詞 vs 動詞 兩種標記，請確認是否正確"
同單字詞性矛盾,smooth,(adj.),需人工確認,The project manager’s careful planning and attention to deta,三民-B3-U8,"同一單字 ""smooth"" 有 形容詞 vs 動詞 兩種標記，請確認是否正確"
同單字詞性矛盾,snow,(v.),需人工確認,It snows a lot in Hokkaido in winter.,翰林-B3-U1,"同一單字 ""snow"" 有 名詞 vs 動詞 兩種標記，請確認是否正確"
同單字詞性矛盾,sob,(v.),需人工確認,"After her beloved pet’s passing, Violet buried her face in h",三民-B5-U5,"同一單字 ""sob"" 有 名詞 vs 動詞 兩種標記，請確認是否正確"
同單字詞性矛盾,sound,(n.),需人工確認,I heard a strange sound.,翰林-B3-U5,"同一單字 ""sound"" 有 名詞 vs 動詞 兩種標記，請確認是否正確"
同單字詞性矛盾,sound,(v.),需人工確認,"The story sounds crazy, but it is actually true.",翰林-B4-U1,"同一單字 ""sound"" 有 名詞 vs 動詞 兩種標記，請確認是否正確"
同單字詞性矛盾,south,(n.),需人工確認,Many people go to the south for vacation in winter.,康軒-B3-U6,"同一單字 ""south"" 有 形容詞 vs 名詞 兩種標記，請確認是否正確"
同單字詞性矛盾,span,(v.),需人工確認,"The Great Wall of China spans various landscapes, including ",三民-B4-U4,"同一單字 ""span"" 有 名詞 vs 動詞 兩種標記，請確認是否正確"
同單字詞性矛盾,spell,(v.),需人工確認,Can you spell your name for me?,翰林-B5-U2,"同一單字 ""spell"" 有 名詞 vs 動詞 兩種標記，請確認是否正確"
同單字詞性矛盾,spell,(n.),需人工確認,The wizard said a magic spell to open the door.,翰林-B5-U6,"同一單字 ""spell"" 有 名詞 vs 動詞 兩種標記，請確認是否正確"
同單字詞性矛盾,spin,(n.),需人工確認,"The politician tried to put a positive spin on his policy, y",三民-B2-U2,"同一單字 ""spin"" 有 名詞 vs 動詞 兩種標記，請確認是否正確"
同單字詞性矛盾,spot,(v.),需人工確認,Can you spot the difference between these two pictures?,康軒-B6-U1,"同一單字 ""spot"" 有 名詞 vs 動詞 兩種標記，請確認是否正確"
同單字詞性矛盾,spot,(v.),需人工確認,Troy spotted a strange man entering his neighbor’s house thr,三民-B2-U5,"同一單字 ""spot"" 有 名詞 vs 動詞 兩種標記，請確認是否正確"
同單字詞性矛盾,spread,(v.),需人工確認,Spreading fake news on social media may cause panic among th,三民-B2-U8,"同一單字 ""spread"" 有 名詞 vs 動詞 兩種標記，請確認是否正確"
同單字詞性矛盾,square,(adj.),需人工確認,She drew a square box for her homework.,翰林-B5-U5,"同一單字 ""square"" 有 形容詞 vs 名詞 兩種標記，請確認是否正確"
同單字詞性矛盾,squeeze,(v.),需人工確認,"After a ten-minute search for a parking spot, I finally foun",三民-B3-U6,"同一單字 ""squeeze"" 有 名詞 vs 動詞 兩種標記，請確認是否正確"
同單字詞性矛盾,stability,(adj.),需人工確認,The old table isn't very stable; be careful not to knock it ,龍騰-B3-U2,"同一單字 ""stability"" 有 形容詞 vs 名詞 兩種標記，請確認是否正確"
同單字詞性矛盾,stall,(n.),需人工確認,My favorite food stall is the one that sells noodles.,康軒-B3-U5,"同一單字 ""stall"" 有 名詞 vs 動詞 兩種標記，請確認是否正確"
同單字詞性矛盾,stall,(n.),需人工確認,Vanessa bought some cute souvenirs from a market stall for h,三民-B5-U2,"同一單字 ""stall"" 有 名詞 vs 動詞 兩種標記，請確認是否正確"
同單字詞性矛盾,stand,(v.),需人工確認,I can't stand the noise from the street.,南一-B3-U2,"同一單字 ""stand"" 有 名詞 vs 動詞 兩種標記，請確認是否正確"
同單字詞性矛盾,stand,(n.),需人工確認,There was a food stand near the park yesterday evening.,翰林-B4-U5,"同一單字 ""stand"" 有 名詞 vs 動詞 兩種標記，請確認是否正確"
同單字詞性矛盾,stare,(v.),需人工確認,"Sherry often sits quietly, staring into space, lost in her o",三民-B4-U3,"同一單字 ""stare"" 有 名詞 vs 動詞 兩種標記，請確認是否正確"
同單字詞性矛盾,start,(v.),需人工確認,We start school at 8 a.m.,翰林-B3-U2,"同一單字 ""start"" 有 名詞 vs 動詞 兩種標記，請確認是否正確"
同單字詞性矛盾,state,(v.),需人工確認,The witness clearly stated what she saw at the crime scene.,,"同一單字 ""state"" 有 名詞 vs 動詞 兩種標記，請確認是否正確"
同單字詞性矛盾,state,(n.),需人工確認,"Adam rarely spoke after he returned from the war, and it mad",三民-B2-U4,"同一單字 ""state"" 有 名詞 vs 動詞 兩種標記，請確認是否正確"
同單字詞性矛盾,stay,(v.),需人工確認,Can you stay for dinner tonight?,康軒-B3-U2,"同一單字 ""stay"" 有 名詞 vs 動詞 兩種標記，請確認是否正確"
同單字詞性矛盾,stray,(n.),需人工確認,The cat keeps wandering in the neighborhood. I think it must,三民-B4-U8,"同一單字 ""stray"" 有 名詞 vs 動詞 兩種標記，請確認是否正確"
同單字詞性矛盾,study,(v.),需人工確認,I study English every night.,翰林-B1-U4,"同一單字 ""study"" 有 名詞 vs 動詞 兩種標記，請確認是否正確"
同單字詞性矛盾,study,(v.),需人工確認,You need to study hard for the test.,南一-B3-U1,"同一單字 ""study"" 有 名詞 vs 動詞 兩種標記，請確認是否正確"
同單字詞性矛盾,supply,(v.),需人工確認,The charity aims to supply families in need with essential f,三民-B3-U6,"同一單字 ""supply"" 有 名詞 vs 動詞 兩種標記，請確認是否正確"
同單字詞性矛盾,surge,(n.),需人工確認,Dietary changes and increased fitness awareness led to a sur,三民-B5-U1,"同一單字 ""surge"" 有 名詞 vs 動詞 兩種標記，請確認是否正確"
同單字詞性矛盾,surprise,(n.),需人工確認,We planned a surprise for Mom's birthday.,康軒-B5-U2,"同一單字 ""surprise"" 有 名詞 vs 動詞 兩種標記，請確認是否正確"
同單字詞性矛盾,suspect,(v.),需人工確認,"Seeing the muddy footprints, the detectives suspected the th",三民-B4-U8,"同一單字 ""suspect"" 有 名詞 vs 動詞 兩種標記，請確認是否正確"
同單字詞性矛盾,sweat,(v.),需人工確認,The farmer started to sweat heavily when working in the hot ,三民-B4-U2,"同一單字 ""sweat"" 有 名詞 vs 動詞 兩種標記，請確認是否正確"
同單字詞性矛盾,sweet,(adj.),需人工確認,That is a very sweet story.,南一-B3-U1,"同一單字 ""sweet"" 有 形容詞 vs 名詞 兩種標記，請確認是否正確"
同單字詞性矛盾,sweet,(adj.),需人工確認,This cake is too sweet for me.,翰林-B2-U3,"同一單字 ""sweet"" 有 形容詞 vs 名詞 兩種標記，請確認是否正確"
同單字詞性矛盾,tape,(v.),需人工確認,Dad taped the poster on the wall.,翰林-B5-U6,"同一單字 ""tape"" 有 名詞 vs 動詞 兩種標記，請確認是否正確"
同單字詞性矛盾,third,(adj.),需人工確認,This is my third time here.,翰林-B1-U5,"同一單字 ""third"" 有 形容詞 vs 名詞 兩種標記，請確認是否正確"
同單字詞性矛盾,tip,(v.),需人工確認,We left a tip on the table for the waiter.,康軒-B5-U2,"同一單字 ""tip"" 有 名詞 vs 動詞 兩種標記，請確認是否正確"
同單字詞性矛盾,top,(n.),需人工確認,We climbed to the top of the hill.,康軒-B3-U3,"同一單字 ""top"" 有 形容詞 vs 名詞 兩種標記，請確認是否正確"
同單字詞性矛盾,toss,(v.),需人工確認,Many tourists toss a coin into the water and make a wish whe,三民-B4-U3,"同一單字 ""toss"" 有 名詞 vs 動詞 兩種標記，請確認是否正確"
同單字詞性矛盾,total,(n.),需人工確認,The total of the bill is $50.,康軒-B5-U6,"同一單字 ""total"" 有 形容詞 vs 名詞 兩種標記，請確認是否正確"
同單字詞性矛盾,trace,(v.),需人工確認,The origin of life on Earth can be traced back to the ocean ,三民-B2-U1,"同一單字 ""trace"" 有 名詞 vs 動詞 兩種標記，請確認是否正確"
同單字詞性矛盾,track,(n.),需人工確認,The workers are replacing the tracks of the railroad which w,三民-B2-U1,"同一單字 ""track"" 有 名詞 vs 動詞 兩種標記，請確認是否正確"
同單字詞性矛盾,train,(v.),需人工確認,She is trying to train her new puppy.,康軒-B3-U4,"同一單字 ""train"" 有 名詞 vs 動詞 兩種標記，請確認是否正確"
同單字詞性矛盾,transform,(v.),需人工確認,The caterpillar will transform into a beautiful butterfly.,龍騰-B3-U4,"同一單字 ""transform"" 有 名詞 vs 動詞 兩種標記，請確認是否正確"
同單字詞性矛盾,transit,(n.),需人工確認,"Please track the status of your order, as it is currently in",三民-B4-U1,"同一單字 ""transit"" 有 名詞 vs 動詞 兩種標記，請確認是否正確"
同單字詞性矛盾,transplant,(n.),需人工確認,,三民-B2-U6,"同一單字 ""transplant"" 有 名詞 vs 動詞 兩種標記，請確認是否正確"
同單字詞性矛盾,tremble,(v.),需人工確認,When Carol found out her husband had come back from the war ,三民-B5-U5,"同一單字 ""tremble"" 有 名詞 vs 動詞 兩種標記，請確認是否正確"
同單字詞性矛盾,trick,(n.),需人工確認,The magician showed us a cool card trick.,康軒-B5-U6,"同一單字 ""trick"" 有 名詞 vs 動詞 兩種標記，請確認是否正確"
同單字詞性矛盾,trick,(v.),需人工確認,Don't try to trick me—I know the truth!,翰林-B5-U2,"同一單字 ""trick"" 有 名詞 vs 動詞 兩種標記，請確認是否正確"
同單字詞性矛盾,trigger,(v.),需人工確認,The news of the job cuts triggered a strong reaction from th,三民-B5-U4,"同一單字 ""trigger"" 有 名詞 vs 動詞 兩種標記，請確認是否正確"
同單字詞性矛盾,trip,(n.),需人工確認,Our family is planning a road trip this summer.,康軒-B3-U5,"同一單字 ""trip"" 有 名詞 vs 動詞 兩種標記，請確認是否正確"
同單字詞性矛盾,trip,(n.),需人工確認,How was your trip to Japan?,南一-B2-U2,"同一單字 ""trip"" 有 名詞 vs 動詞 兩種標記，請確認是否正確"
同單字詞性矛盾,trust,(n.),需人工確認,You can put your trust in Anita. She always keeps her word.,三民-B2-U7,"同一單字 ""trust"" 有 名詞 vs 動詞 兩種標記，請確認是否正確"
同單字詞性矛盾,try,(v.),需人工確認,You should try this cake; it's very delicious.,康軒-B3-U2,"同一單字 ""try"" 有 名詞 vs 動詞 兩種標記，請確認是否正確"
同單字詞性矛盾,turn,(n.),需人工確認,It's your turn to answer the question.,翰林-B1-U3,"同一單字 ""turn"" 有 名詞 vs 動詞 兩種標記，請確認是否正確"
同單字詞性矛盾,turn,(n.),需人工確認,It is your turn to wash the dishes tonight.,康軒-B6-U2,"同一單字 ""turn"" 有 名詞 vs 動詞 兩種標記，請確認是否正確"
同單字詞性矛盾,type,(n.),需人工確認,I like every type of music.,康軒-B1-U3,"同一單字 ""type"" 有 名詞 vs 動詞 兩種標記，請確認是否正確"
同單字詞性矛盾,type,(n.),需人工確認,"I like every type of music, especially pop.",康軒-B5-U1,"同一單字 ""type"" 有 名詞 vs 動詞 兩種標記，請確認是否正確"
同單字詞性矛盾,underlying,(v.),需人工確認,Stress is often the underlying cause of many health problems,,"同一單字 ""underlying"" 有 形容詞 vs 動詞 兩種標記，請確認是否正確"
同單字詞性矛盾,underlying,(adj.),需人工確認,While unemployment may not directly contribute to individual,三民-B4-U8,"同一單字 ""underlying"" 有 形容詞 vs 動詞 兩種標記，請確認是否正確"
同單字詞性矛盾,volunteer,(n.),需人工確認,"Because of his love for art, Jason worked as a volunteer at ",三民-B3-U6,"同一單字 ""volunteer"" 有 名詞 vs 動詞 兩種標記，請確認是否正確"
同單字詞性矛盾,vote,(v.),需人工確認,"Amy decided to vote for the new environmental regulations, b",三民-B3-U3,"同一單字 ""vote"" 有 名詞 vs 動詞 兩種標記，請確認是否正確"
同單字詞性矛盾,vow,(v.),需人工確認,The soldiers vowed to defend their country with their lives.,三民-B5-U3,"同一單字 ""vow"" 有 名詞 vs 動詞 兩種標記，請確認是否正確"
同單字詞性矛盾,wag,(v.),需人工確認,The happy dog wagged its tail excitedly as its owner came ho,三民-B4-U8,"同一單字 ""wag"" 有 名詞 vs 動詞 兩種標記，請確認是否正確"
同單字詞性矛盾,waste,(v.),需人工確認,Don't waste water when brushing your teeth.,康軒-B5-U6,"同一單字 ""waste"" 有 名詞 vs 動詞 兩種標記，請確認是否正確"
同單字詞性矛盾,water,(n.),需人工確認,Please give me a glass of water.,南一-B1-U4,"同一單字 ""water"" 有 名詞 vs 動詞 兩種標記，請確認是否正確"
同單字詞性矛盾,water,(n.),需人工確認,Please give me a glass of water.,翰林-B2-U4,"同一單字 ""water"" 有 名詞 vs 動詞 兩種標記，請確認是否正確"
同單字詞性矛盾,wave,(v.),需人工確認,The teacher waved goodbye to us after class.,康軒-B5-U1,"同一單字 ""wave"" 有 名詞 vs 動詞 兩種標記，請確認是否正確"
同單字詞性矛盾,wave,(n.),需人工確認,I love the sound of the ocean waves.,南一-B5-U4,"同一單字 ""wave"" 有 名詞 vs 動詞 兩種標記，請確認是否正確"
同單字詞性矛盾,weave,(v.),需人工確認,"Cathy wove her personal experience into her novel, and it ad",三民-B4-U5,"同一單字 ""weave"" 有 名詞 vs 動詞 兩種標記，請確認是否正確"
同單字詞性矛盾,west,(n.),需人工確認,The sun sets in the west.,康軒-B3-U6,"同一單字 ""west"" 有 形容詞 vs 名詞 兩種標記，請確認是否正確"
同單字詞性矛盾,win,(v.),需人工確認,We hope to win the basketball game.,康軒-B2-U1,"同一單字 ""win"" 有 名詞 vs 動詞 兩種標記，請確認是否正確"
同單字詞性矛盾,win,(n.),需人工確認,The team celebrated their big win.,南一-B2-U5,"同一單字 ""win"" 有 名詞 vs 動詞 兩種標記，請確認是否正確"
同單字詞性矛盾,wish,(n.),需人工確認,I made a birthday wish.,翰林-B5-U1,"同一單字 ""wish"" 有 名詞 vs 動詞 兩種標記，請確認是否正確"
同單字詞性矛盾,wonder,(v.),需人工確認,I wonder what he is doing right now.,南一-B5-U4,"同一單字 ""wonder"" 有 名詞 vs 動詞 兩種標記，請確認是否正確"
同單字詞性矛盾,wonder,(v.),需人工確認,"As kids grow older, they start to wonder whether Santa Claus",三民-B2-U3,"同一單字 ""wonder"" 有 名詞 vs 動詞 兩種標記，請確認是否正確"
同單字詞性矛盾,worry,(v.),需人工確認,Don't worry. Everything will be fine.,康軒-B1-U6,"同一單字 ""worry"" 有 名詞 vs 動詞 兩種標記，請確認是否正確"
同單字詞性矛盾,worry,(v.),需人工確認,"Don't worry, everything will be fine.",翰林-B3-U4,"同一單字 ""worry"" 有 名詞 vs 動詞 兩種標記，請確認是否正確"
同單字詞性矛盾,zone,(n.),需人工確認,"Bombs were dropped over the war zone day after day, causing ",三民-B4-U3,"同一單字 ""zone"" 有 名詞 vs 動詞 兩種標記，請確認是否正確"
單字與例句不符,arrival,(v.),(v.),We should arrive at the train station an hour before the departure time.,龍騰-B3-U4,"例句使用 ""arrive"" 的變化形，但單字是 ""arrival""。建議改單字為 ""arrive"" 或換例句。"
單字與例句不符,impressive,(v.),(v.),His quick thinking really impressed everyone during the crisis.,龍騰-B1-U3,"例句使用 ""impress"" 的變化形，但單字是 ""impressive""。建議改單字為 ""impress"" 或換例句。"
詞性標記錯誤,arrival,(v.),(n.),We should arrive at the train station an hour before the departure time.,龍騰-B3-U4,"""arrival"" 結尾是 -ival，通常是名詞或形容詞，不是動詞"
詞性標記錯誤,disable,(v.),(adj.),"A serious accident can disable a person, making it hard for them to walk.",,"""disable"" 結尾是 -able，通常是名詞或形容詞，不是動詞"
詞性標記錯誤,enable,(v.),(adj.),This new software will enable us to work more efficiently.,龍騰-B3-U3,"""enable"" 結尾是 -able，通常是名詞或形容詞，不是動詞"
詞性標記錯誤,enable,(v.),(adj.),The High Speed Rail enables commuters to travel from Taichung to Taipei in about,三民-B2-U4,"""enable"" 結尾是 -able，通常是名詞或形容詞，不是動詞"
詞性標記錯誤,impressive,(v.),(adj.),His quick thinking really impressed everyone during the crisis.,龍騰-B1-U3,"""impressive"" 結尾是 -sive，通常是名詞或形容詞，不是動詞"
詞性標記錯誤,rival,(v.),(n.),"Having traveled to more than thirty countries around the world, Andrew thinks no",三民-B4-U3,"""rival"" 結尾是 -ival，通常是名詞或形容詞，不是動詞"
