folder slug,URL_title,URL_src
h-j-114-vocab-b1-u1,全方位練習｜WordGym 單字健身坊,https://www.jutor.ai/event/wordgym/index.html?label=HL_B1_U1#/
h-j-114-vocab-b1-u1,Jutor 英文互動提問平台,https://www.jutor.ai/event/junior-qa/index.html
h-j-114-vocab-b1-u2,全方位練習｜WordGym 單字健身坊,https://www.jutor.ai/event/wordgym/index.html?label=HL_B1_U2#/
h-j-114-vocab-b1-u2,Jutor 英文互動提問平台,https://www.jutor.ai/event/junior-qa/index.html
h-j-114-vocab-b1-u3,全方位練習｜WordGym 單字健身坊,https://www.jutor.ai/event/wordgym/index.html?label=HL_B1_U3#/
h-j-114-vocab-b1-u3,Jutor 英文互動提問平台,https://www.jutor.ai/event/junior-qa/index.html
h-j-114-vocab-b1-u4,全方位練習｜WordGym 單字健身坊,https://www.jutor.ai/event/wordgym/index.html?label=HL_B1_U4#/
h-j-114-vocab-b1-u4,Jutor 英文互動提問平台,https://www.jutor.ai/event/junior-qa/index.html
h-j-114-vocab-b1-u5,全方位練習｜WordGym 單字健身坊,https://www.jutor.ai/event/wordgym/index.html?label=HL_B1_U5#/
h-j-114-vocab-b1-u5,Jutor 英文互動提問平台,https://www.jutor.ai/event/junior-qa/index.html
h-j-114-vocab-b1-u6,全方位練習｜WordGym 單字健身坊,https://www.jutor.ai/event/wordgym/index.html?label=HL_B1_U6#/
h-j-114-vocab-b1-u6,Jutor 英文互動提問平台,https://www.jutor.ai/event/junior-qa/index.html
h-j-114-vocab-b2-u1,全方位練習｜WordGym 單字健身坊,https://www.jutor.ai/event/wordgym/index.html?label=HL_B2_U1#/
h-j-114-vocab-b2-u1,Jutor 英文互動提問平台,https://www.jutor.ai/event/junior-qa/index.html
h-j-114-vocab-b2-u2,全方位練習｜WordGym 單字健身坊,https://www.jutor.ai/event/wordgym/index.html?label=HL_B2_U2#/
h-j-114-vocab-b2-u2,Jutor 英文互動提問平台,https://www.jutor.ai/event/junior-qa/index.html
h-j-114-vocab-b2-u3,全方位練習｜WordGym 單字健身坊,https://www.jutor.ai/event/wordgym/index.html?label=HL_B2_U3#/
h-j-114-vocab-b2-u3,Jutor 英文互動提問平台,https://www.jutor.ai/event/junior-qa/index.html
h-j-114-vocab-b2-u4,全方位練習｜WordGym 單字健身坊,https://www.jutor.ai/event/wordgym/index.html?label=HL_B2_U4#/
h-j-114-vocab-b2-u4,Jutor 英文互動提問平台,https://www.jutor.ai/event/junior-qa/index.html
h-j-114-vocab-b2-u5,全方位練習｜WordGym 單字健身坊,https://www.jutor.ai/event/wordgym/index.html?label=HL_B2_U5#/
h-j-114-vocab-b2-u5,Jutor 英文互動提問平台,https://www.jutor.ai/event/junior-qa/index.html
h-j-114-vocab-b2-u6,全方位練習｜WordGym 單字健身坊,https://www.jutor.ai/event/wordgym/index.html?label=HL_B2_U6#/
h-j-114-vocab-b2-u6,Jutor 英文互動提問平台,https://www.jutor.ai/event/junior-qa/index.html
h-j-114-vocab-b3-u1,全方位練習｜WordGym 單字健身坊,https://www.jutor.ai/event/wordgym/index.html?label=HL_B3_U1#/
h-j-114-vocab-b3-u1,Jutor 英文互動提問平台,https://www.jutor.ai/event/junior-qa/index.html
h-j-114-vocab-b3-u2,全方位練習｜WordGym 單字健身坊,https://www.jutor.ai/event/wordgym/index.html?label=HL_B3_U2#/
h-j-114-vocab-b3-u2,Jutor 英文互動提問平台,https://www.jutor.ai/event/junior-qa/index.html
h-j-114-vocab-b3-u3,全方位練習｜WordGym 單字健身坊,https://www.jutor.ai/event/wordgym/index.html?label=HL_B3_U3#/
h-j-114-vocab-b3-u3,Jutor 英文互動提問平台,https://www.jutor.ai/event/junior-qa/index.html
h-j-114-vocab-b3-u4,全方位練習｜WordGym 單字健身坊,https://www.jutor.ai/event/wordgym/index.html?label=HL_B3_U4#/
h-j-114-vocab-b3-u4,Jutor 英文互動提問平台,https://www.jutor.ai/event/junior-qa/index.html
h-j-114-vocab-b3-u5,全方位練習｜WordGym 單字健身坊,https://www.jutor.ai/event/wordgym/index.html?label=HL_B3_U5#/
h-j-114-vocab-b3-u5,Jutor 英文互動提問平台,https://www.jutor.ai/event/junior-qa/index.html
h-j-114-vocab-b3-u6,全方位練習｜WordGym 單字健身坊,https://www.jutor.ai/event/wordgym/index.html?label=HL_B3_U6#/
h-j-114-vocab-b3-u6,Jutor 英文互動提問平台,https://www.jutor.ai/event/junior-qa/index.html
h-j-114-vocab-b4-u1,全方位練習｜WordGym 單字健身坊,https://www.jutor.ai/event/wordgym/index.html?label=HL_B4_U1#/
h-j-114-vocab-b4-u1,Jutor 英文互動提問平台,https://www.jutor.ai/event/junior-qa/index.html
h-j-114-vocab-b4-u2,全方位練習｜WordGym 單字健身坊,https://www.jutor.ai/event/wordgym/index.html?label=HL_B4_U2#/
h-j-114-vocab-b4-u2,Jutor 英文互動提問平台,https://www.jutor.ai/event/junior-qa/index.html
h-j-114-vocab-b4-u3,全方位練習｜WordGym 單字健身坊,https://www.jutor.ai/event/wordgym/index.html?label=HL_B4_U3#/
h-j-114-vocab-b4-u3,Jutor 英文互動提問平台,https://www.jutor.ai/event/junior-qa/index.html
h-j-114-vocab-b4-u4,全方位練習｜WordGym 單字健身坊,https://www.jutor.ai/event/wordgym/index.html?label=HL_B4_U4#/
h-j-114-vocab-b4-u4,Jutor 英文互動提問平台,https://www.jutor.ai/event/junior-qa/index.html
h-j-114-vocab-b4-u5,全方位練習｜WordGym 單字健身坊,https://www.jutor.ai/event/wordgym/index.html?label=HL_B4_U5#/
h-j-114-vocab-b4-u5,Jutor 英文互動提問平台,https://www.jutor.ai/event/junior-qa/index.html
h-j-114-vocab-b4-u6,全方位練習｜WordGym 單字健身坊,https://www.jutor.ai/event/wordgym/index.html?label=HL_B4_U6#/
h-j-114-vocab-b4-u6,Jutor 英文互動提問平台,https://www.jutor.ai/event/junior-qa/index.html
h-j-114-vocab-b5-u1,全方位練習｜WordGym 單字健身坊,https://www.jutor.ai/event/wordgym/index.html?label=HL_B5_U1#/
h-j-114-vocab-b5-u1,Jutor 英文互動提問平台,https://www.jutor.ai/event/junior-qa/index.html
h-j-114-vocab-b5-u2,全方位練習｜WordGym 單字健身坊,https://www.jutor.ai/event/wordgym/index.html?label=HL_B5_U2#/
h-j-114-vocab-b5-u2,Jutor 英文互動提問平台,https://www.jutor.ai/event/junior-qa/index.html
h-j-114-vocab-b5-u3,全方位練習｜WordGym 單字健身坊,https://www.jutor.ai/event/wordgym/index.html?label=HL_B5_U3#/
h-j-114-vocab-b5-u3,Jutor 英文互動提問平台,https://www.jutor.ai/event/junior-qa/index.html
h-j-114-vocab-b5-u4,全方位練習｜WordGym 單字健身坊,https://www.jutor.ai/event/wordgym/index.html?label=HL_B5_U4#/
h-j-114-vocab-b5-u4,Jutor 英文互動提問平台,https://www.jutor.ai/event/junior-qa/index.html
h-j-114-vocab-b5-u5,全方位練習｜WordGym 單字健身坊,https://www.jutor.ai/event/wordgym/index.html?label=HL_B5_U5#/
h-j-114-vocab-b5-u5,Jutor 英文互動提問平台,https://www.jutor.ai/event/junior-qa/index.html
h-j-114-vocab-b5-u6,全方位練習｜WordGym 單字健身坊,https://www.jutor.ai/event/wordgym/index.html?label=HL_B5_U6#/
h-j-114-vocab-b5-u6,Jutor 英文互動提問平台,https://www.jutor.ai/event/junior-qa/index.html
h-j-114-vocab-b6-u1,全方位練習｜WordGym 單字健身坊,https://www.jutor.ai/event/wordgym/index.html?label=HL_B6_U1#/
h-j-114-vocab-b6-u1,Jutor 英文互動提問平台,https://www.jutor.ai/event/junior-qa/index.html
h-j-114-vocab-b6-u2,全方位練習｜WordGym 單字健身坊,https://www.jutor.ai/event/wordgym/index.html?label=HL_B6_U2#/
h-j-114-vocab-b6-u2,Jutor 英文互動提問平台,https://www.jutor.ai/event/junior-qa/index.html
h-j-114-vocab-b6-u3,全方位練習｜WordGym 單字健身坊,https://www.jutor.ai/event/wordgym/index.html?label=HL_B6_U3#/
h-j-114-vocab-b6-u3,Jutor 英文互動提問平台,https://www.jutor.ai/event/junior-qa/index.html
h-j-114-vocab-b6-u4,全方位練習｜WordGym 單字健身坊,https://www.jutor.ai/event/wordgym/index.html?label=HL_B6_U4#/
h-j-114-vocab-b6-u4,Jutor 英文互動提問平台,https://www.jutor.ai/event/junior-qa/index.html
k-j-114-vocab-b1-u1,全方位練習｜WordGym 單字健身坊,https://www.jutor.ai/event/wordgym/index.html?label=KH_B1_U1#/
k-j-114-vocab-b1-u1,Jutor 英文互動提問平台,https://www.jutor.ai/event/junior-qa/index.html
k-j-114-vocab-b1-u2,全方位練習｜WordGym 單字健身坊,https://www.jutor.ai/event/wordgym/index.html?label=KH_B1_U2#/
k-j-114-vocab-b1-u2,Jutor 英文互動提問平台,https://www.jutor.ai/event/junior-qa/index.html
k-j-114-vocab-b1-u3,全方位練習｜WordGym 單字健身坊,https://www.jutor.ai/event/wordgym/index.html?label=KH_B1_U3#/
k-j-114-vocab-b1-u3,Jutor 英文互動提問平台,https://www.jutor.ai/event/junior-qa/index.html
k-j-114-vocab-b1-u4,全方位練習｜WordGym 單字健身坊,https://www.jutor.ai/event/wordgym/index.html?label=KH_B1_U4#/
k-j-114-vocab-b1-u4,Jutor 英文互動提問平台,https://www.jutor.ai/event/junior-qa/index.html
k-j-114-vocab-b1-u5,全方位練習｜WordGym 單字健身坊,https://www.jutor.ai/event/wordgym/index.html?label=KH_B1_U5#/
k-j-114-vocab-b1-u5,Jutor 英文互動提問平台,https://www.jutor.ai/event/junior-qa/index.html
k-j-114-vocab-b1-u6,全方位練習｜WordGym 單字健身坊,https://www.jutor.ai/event/wordgym/index.html?label=KH_B1_U6#/
k-j-114-vocab-b1-u6,Jutor 英文互動提問平台,https://www.jutor.ai/event/junior-qa/index.html
k-j-114-vocab-b2-u1,全方位練習｜WordGym 單字健身坊,https://www.jutor.ai/event/wordgym/index.html?label=KH_B2_U1#/
k-j-114-vocab-b2-u1,Jutor 英文互動提問平台,https://www.jutor.ai/event/junior-qa/index.html
k-j-114-vocab-b2-u2,全方位練習｜WordGym 單字健身坊,https://www.jutor.ai/event/wordgym/index.html?label=KH_B2_U2#/
k-j-114-vocab-b2-u2,Jutor 英文互動提問平台,https://www.jutor.ai/event/junior-qa/index.html
k-j-114-vocab-b2-u3,全方位練習｜WordGym 單字健身坊,https://www.jutor.ai/event/wordgym/index.html?label=KH_B2_U3#/
k-j-114-vocab-b2-u3,Jutor 英文互動提問平台,https://www.jutor.ai/event/junior-qa/index.html
k-j-114-vocab-b2-u4,全方位練習｜WordGym 單字健身坊,https://www.jutor.ai/event/wordgym/index.html?label=KH_B2_U4#/
k-j-114-vocab-b2-u4,Jutor 英文互動提問平台,https://www.jutor.ai/event/junior-qa/index.html
k-j-114-vocab-b2-u5,全方位練習｜WordGym 單字健身坊,https://www.jutor.ai/event/wordgym/index.html?label=KH_B2_U5#/
k-j-114-vocab-b2-u5,Jutor 英文互動提問平台,https://www.jutor.ai/event/junior-qa/index.html
k-j-114-vocab-b2-u6,全方位練習｜WordGym 單字健身坊,https://www.jutor.ai/event/wordgym/index.html?label=KH_B2_U6#/
k-j-114-vocab-b2-u6,Jutor 英文互動提問平台,https://www.jutor.ai/event/junior-qa/index.html
k-j-114-vocab-b3-u1,全方位練習｜WordGym 單字健身坊,https://www.jutor.ai/event/wordgym/index.html?label=KH_B3_U1#/
k-j-114-vocab-b3-u1,Jutor 英文互動提問平台,https://www.jutor.ai/event/junior-qa/index.html
k-j-114-vocab-b3-u2,全方位練習｜WordGym 單字健身坊,https://www.jutor.ai/event/wordgym/index.html?label=KH_B3_U2#/
k-j-114-vocab-b3-u2,Jutor 英文互動提問平台,https://www.jutor.ai/event/junior-qa/index.html
k-j-114-vocab-b3-u3,全方位練習｜WordGym 單字健身坊,https://www.jutor.ai/event/wordgym/index.html?label=KH_B3_U3#/
k-j-114-vocab-b3-u3,Jutor 英文互動提問平台,https://www.jutor.ai/event/junior-qa/index.html
k-j-114-vocab-b3-u4,全方位練習｜WordGym 單字健身坊,https://www.jutor.ai/event/wordgym/index.html?label=KH_B3_U4#/
k-j-114-vocab-b3-u4,Jutor 英文互動提問平台,https://www.jutor.ai/event/junior-qa/index.html
k-j-114-vocab-b3-u5,全方位練習｜WordGym 單字健身坊,https://www.jutor.ai/event/wordgym/index.html?label=KH_B3_U5#/
k-j-114-vocab-b3-u5,Jutor 英文互動提問平台,https://www.jutor.ai/event/junior-qa/index.html
k-j-114-vocab-b3-u6,全方位練習｜WordGym 單字健身坊,https://www.jutor.ai/event/wordgym/index.html?label=KH_B3_U6#/
k-j-114-vocab-b3-u6,Jutor 英文互動提問平台,https://www.jutor.ai/event/junior-qa/index.html
k-j-114-vocab-b4-u1,全方位練習｜WordGym 單字健身坊,https://www.jutor.ai/event/wordgym/index.html?label=KH_B4_U1#/
k-j-114-vocab-b4-u1,Jutor 英文互動提問平台,https://www.jutor.ai/event/junior-qa/index.html
k-j-114-vocab-b4-u2,全方位練習｜WordGym 單字健身坊,https://www.jutor.ai/event/wordgym/index.html?label=KH_B4_U2#/
k-j-114-vocab-b4-u2,Jutor 英文互動提問平台,https://www.jutor.ai/event/junior-qa/index.html
k-j-114-vocab-b4-u3,全方位練習｜WordGym 單字健身坊,https://www.jutor.ai/event/wordgym/index.html?label=KH_B4_U3#/
k-j-114-vocab-b4-u3,Jutor 英文互動提問平台,https://www.jutor.ai/event/junior-qa/index.html
k-j-114-vocab-b4-u4,全方位練習｜WordGym 單字健身坊,https://www.jutor.ai/event/wordgym/index.html?label=KH_B4_U4#/
k-j-114-vocab-b4-u4,Jutor 英文互動提問平台,https://www.jutor.ai/event/junior-qa/index.html
k-j-114-vocab-b4-u5,全方位練習｜WordGym 單字健身坊,https://www.jutor.ai/event/wordgym/index.html?label=KH_B4_U5#/
k-j-114-vocab-b4-u5,Jutor 英文互動提問平台,https://www.jutor.ai/event/junior-qa/index.html
k-j-114-vocab-b4-u6,全方位練習｜WordGym 單字健身坊,https://www.jutor.ai/event/wordgym/index.html?label=KH_B4_U6#/
k-j-114-vocab-b4-u6,Jutor 英文互動提問平台,https://www.jutor.ai/event/junior-qa/index.html
k-j-114-vocab-b5-u1,全方位練習｜WordGym 單字健身坊,https://www.jutor.ai/event/wordgym/index.html?label=KH_B5_U1#/
k-j-114-vocab-b5-u1,Jutor 英文互動提問平台,https://www.jutor.ai/event/junior-qa/index.html
k-j-114-vocab-b5-u2,全方位練習｜WordGym 單字健身坊,https://www.jutor.ai/event/wordgym/index.html?label=KH_B5_U2#/
k-j-114-vocab-b5-u2,Jutor 英文互動提問平台,https://www.jutor.ai/event/junior-qa/index.html
k-j-114-vocab-b5-u3,全方位練習｜WordGym 單字健身坊,https://www.jutor.ai/event/wordgym/index.html?label=KH_B5_U3#/
k-j-114-vocab-b5-u3,Jutor 英文互動提問平台,https://www.jutor.ai/event/junior-qa/index.html
k-j-114-vocab-b5-u4,全方位練習｜WordGym 單字健身坊,https://www.jutor.ai/event/wordgym/index.html?label=KH_B5_U4#/
k-j-114-vocab-b5-u4,Jutor 英文互動提問平台,https://www.jutor.ai/event/junior-qa/index.html
k-j-114-vocab-b5-u5,全方位練習｜WordGym 單字健身坊,https://www.jutor.ai/event/wordgym/index.html?label=KH_B5_U5#/
k-j-114-vocab-b5-u5,Jutor 英文互動提問平台,https://www.jutor.ai/event/junior-qa/index.html
k-j-114-vocab-b5-u6,全方位練習｜WordGym 單字健身坊,https://www.jutor.ai/event/wordgym/index.html?label=KH_B5_U6#/
k-j-114-vocab-b5-u6,Jutor 英文互動提問平台,https://www.jutor.ai/event/junior-qa/index.html
k-j-114-vocab-b6-u1,全方位練習｜WordGym 單字健身坊,https://www.jutor.ai/event/wordgym/index.html?label=KH_B6_U1#/
k-j-114-vocab-b6-u1,Jutor 英文互動提問平台,https://www.jutor.ai/event/junior-qa/index.html
k-j-114-vocab-b6-u2,全方位練習｜WordGym 單字健身坊,https://www.jutor.ai/event/wordgym/index.html?label=KH_B6_U2#/
k-j-114-vocab-b6-u2,Jutor 英文互動提問平台,https://www.jutor.ai/event/junior-qa/index.html
k-j-114-vocab-b6-u3,全方位練習｜WordGym 單字健身坊,https://www.jutor.ai/event/wordgym/index.html?label=KH_B6_U3#/
k-j-114-vocab-b6-u3,Jutor 英文互動提問平台,https://www.jutor.ai/event/junior-qa/index.html
k-j-114-vocab-b6-u4,全方位練習｜WordGym 單字健身坊,https://www.jutor.ai/event/wordgym/index.html?label=KH_B6_U4#/
k-j-114-vocab-b6-u4,Jutor 英文互動提問平台,https://www.jutor.ai/event/junior-qa/index.html
n-j-114-vocab-b1-u1,全方位練習｜WordGym 單字健身坊,https://www.jutor.ai/event/wordgym/index.html?label=NI_B1_U1#/
n-j-114-vocab-b1-u1,Jutor 英文互動提問平台,https://www.jutor.ai/event/junior-qa/index.html
n-j-114-vocab-b1-u2,全方位練習｜WordGym 單字健身坊,https://www.jutor.ai/event/wordgym/index.html?label=NI_B1_U2#/
n-j-114-vocab-b1-u2,Jutor 英文互動提問平台,https://www.jutor.ai/event/junior-qa/index.html
n-j-114-vocab-b1-u3,全方位練習｜WordGym 單字健身坊,https://www.jutor.ai/event/wordgym/index.html?label=NI_B1_U3#/
n-j-114-vocab-b1-u3,Jutor 英文互動提問平台,https://www.jutor.ai/event/junior-qa/index.html
n-j-114-vocab-b1-u4,全方位練習｜WordGym 單字健身坊,https://www.jutor.ai/event/wordgym/index.html?label=NI_B1_U4#/
n-j-114-vocab-b1-u4,Jutor 英文互動提問平台,https://www.jutor.ai/event/junior-qa/index.html
n-j-114-vocab-b1-u5,全方位練習｜WordGym 單字健身坊,https://www.jutor.ai/event/wordgym/index.html?label=NI_B1_U5#/
n-j-114-vocab-b1-u5,Jutor 英文互動提問平台,https://www.jutor.ai/event/junior-qa/index.html
n-j-114-vocab-b1-u6,全方位練習｜WordGym 單字健身坊,https://www.jutor.ai/event/wordgym/index.html?label=NI_B1_U6#/
n-j-114-vocab-b1-u6,Jutor 英文互動提問平台,https://www.jutor.ai/event/junior-qa/index.html
n-j-114-vocab-b2-u1,全方位練習｜WordGym 單字健身坊,https://www.jutor.ai/event/wordgym/index.html?label=NI_B2_U1#/
n-j-114-vocab-b2-u1,Jutor 英文互動提問平台,https://www.jutor.ai/event/junior-qa/index.html
n-j-114-vocab-b2-u2,全方位練習｜WordGym 單字健身坊,https://www.jutor.ai/event/wordgym/index.html?label=NI_B2_U2#/
n-j-114-vocab-b2-u2,Jutor 英文互動提問平台,https://www.jutor.ai/event/junior-qa/index.html
n-j-114-vocab-b2-u3,全方位練習｜WordGym 單字健身坊,https://www.jutor.ai/event/wordgym/index.html?label=NI_B2_U3#/
n-j-114-vocab-b2-u3,Jutor 英文互動提問平台,https://www.jutor.ai/event/junior-qa/index.html
n-j-114-vocab-b2-u4,全方位練習｜WordGym 單字健身坊,https://www.jutor.ai/event/wordgym/index.html?label=NI_B2_U4#/
n-j-114-vocab-b2-u4,Jutor 英文互動提問平台,https://www.jutor.ai/event/junior-qa/index.html
n-j-114-vocab-b2-u5,全方位練習｜WordGym 單字健身坊,https://www.jutor.ai/event/wordgym/index.html?label=NI_B2_U5#/
n-j-114-vocab-b2-u5,Jutor 英文互動提問平台,https://www.jutor.ai/event/junior-qa/index.html
n-j-114-vocab-b2-u6,全方位練習｜WordGym 單字健身坊,https://www.jutor.ai/event/wordgym/index.html?label=NI_B2_U6#/
n-j-114-vocab-b2-u6,Jutor 英文互動提問平台,https://www.jutor.ai/event/junior-qa/index.html
n-j-114-vocab-b3-u1,全方位練習｜WordGym 單字健身坊,https://www.jutor.ai/event/wordgym/index.html?label=NI_B3_U1#/
n-j-114-vocab-b3-u1,Jutor 英文互動提問平台,https://www.jutor.ai/event/junior-qa/index.html
n-j-114-vocab-b3-u2,全方位練習｜WordGym 單字健身坊,https://www.jutor.ai/event/wordgym/index.html?label=NI_B3_U2#/
n-j-114-vocab-b3-u2,Jutor 英文互動提問平台,https://www.jutor.ai/event/junior-qa/index.html
n-j-114-vocab-b3-u3,全方位練習｜WordGym 單字健身坊,https://www.jutor.ai/event/wordgym/index.html?label=NI_B3_U3#/
n-j-114-vocab-b3-u3,Jutor 英文互動提問平台,https://www.jutor.ai/event/junior-qa/index.html
n-j-114-vocab-b3-u4,全方位練習｜WordGym 單字健身坊,https://www.jutor.ai/event/wordgym/index.html?label=NI_B3_U4#/
n-j-114-vocab-b3-u4,Jutor 英文互動提問平台,https://www.jutor.ai/event/junior-qa/index.html
n-j-114-vocab-b3-u5,全方位練習｜WordGym 單字健身坊,https://www.jutor.ai/event/wordgym/index.html?label=NI_B3_U5#/
n-j-114-vocab-b3-u5,Jutor 英文互動提問平台,https://www.jutor.ai/event/junior-qa/index.html
n-j-114-vocab-b3-u6,全方位練習｜WordGym 單字健身坊,https://www.jutor.ai/event/wordgym/index.html?label=NI_B3_U6#/
n-j-114-vocab-b3-u6,Jutor 英文互動提問平台,https://www.jutor.ai/event/junior-qa/index.html
n-j-114-vocab-b4-u1,全方位練習｜WordGym 單字健身坊,https://www.jutor.ai/event/wordgym/index.html?label=NI_B4_U1#/
n-j-114-vocab-b4-u1,Jutor 英文互動提問平台,https://www.jutor.ai/event/junior-qa/index.html
n-j-114-vocab-b4-u2,全方位練習｜WordGym 單字健身坊,https://www.jutor.ai/event/wordgym/index.html?label=NI_B4_U2#/
n-j-114-vocab-b4-u2,Jutor 英文互動提問平台,https://www.jutor.ai/event/junior-qa/index.html
n-j-114-vocab-b4-u3,全方位練習｜WordGym 單字健身坊,https://www.jutor.ai/event/wordgym/index.html?label=NI_B4_U3#/
n-j-114-vocab-b4-u3,Jutor 英文互動提問平台,https://www.jutor.ai/event/junior-qa/index.html
n-j-114-vocab-b4-u4,全方位練習｜WordGym 單字健身坊,https://www.jutor.ai/event/wordgym/index.html?label=NI_B4_U4#/
n-j-114-vocab-b4-u4,Jutor 英文互動提問平台,https://www.jutor.ai/event/junior-qa/index.html
n-j-114-vocab-b4-u5,全方位練習｜WordGym 單字健身坊,https://www.jutor.ai/event/wordgym/index.html?label=NI_B4_U5#/
n-j-114-vocab-b4-u5,Jutor 英文互動提問平台,https://www.jutor.ai/event/junior-qa/index.html
n-j-114-vocab-b4-u6,全方位練習｜WordGym 單字健身坊,https://www.jutor.ai/event/wordgym/index.html?label=NI_B4_U6#/
n-j-114-vocab-b4-u6,Jutor 英文互動提問平台,https://www.jutor.ai/event/junior-qa/index.html
n-j-114-vocab-b5-u1,全方位練習｜WordGym 單字健身坊,https://www.jutor.ai/event/wordgym/index.html?label=NI_B5_U1#/
n-j-114-vocab-b5-u1,Jutor 英文互動提問平台,https://www.jutor.ai/event/junior-qa/index.html
n-j-114-vocab-b5-u2,全方位練習｜WordGym 單字健身坊,https://www.jutor.ai/event/wordgym/index.html?label=NI_B5_U2#/
n-j-114-vocab-b5-u2,Jutor 英文互動提問平台,https://www.jutor.ai/event/junior-qa/index.html
n-j-114-vocab-b5-u3,全方位練習｜WordGym 單字健身坊,https://www.jutor.ai/event/wordgym/index.html?label=NI_B5_U3#/
n-j-114-vocab-b5-u3,Jutor 英文互動提問平台,https://www.jutor.ai/event/junior-qa/index.html
n-j-114-vocab-b5-u4,全方位練習｜WordGym 單字健身坊,https://www.jutor.ai/event/wordgym/index.html?label=NI_B5_U4#/
n-j-114-vocab-b5-u4,Jutor 英文互動提問平台,https://www.jutor.ai/event/junior-qa/index.html
n-j-114-vocab-b5-u5,全方位練習｜WordGym 單字健身坊,https://www.jutor.ai/event/wordgym/index.html?label=NI_B5_U5#/
n-j-114-vocab-b5-u5,Jutor 英文互動提問平台,https://www.jutor.ai/event/junior-qa/index.html
n-j-114-vocab-b5-u6,全方位練習｜WordGym 單字健身坊,https://www.jutor.ai/event/wordgym/index.html?label=NI_B5_U6#/
n-j-114-vocab-b5-u6,Jutor 英文互動提問平台,https://www.jutor.ai/event/junior-qa/index.html
n-j-114-vocab-b6-u1,全方位練習｜WordGym 單字健身坊,https://www.jutor.ai/event/wordgym/index.html?label=NI_B6_U1#/
n-j-114-vocab-b6-u1,Jutor 英文互動提問平台,https://www.jutor.ai/event/junior-qa/index.html
n-j-114-vocab-b6-u2,全方位練習｜WordGym 單字健身坊,https://www.jutor.ai/event/wordgym/index.html?label=NI_B6_U2#/
n-j-114-vocab-b6-u2,Jutor 英文互動提問平台,https://www.jutor.ai/event/junior-qa/index.html
n-j-114-vocab-b6-u3,全方位練習｜WordGym 單字健身坊,https://www.jutor.ai/event/wordgym/index.html?label=NI_B6_U3#/
n-j-114-vocab-b6-u3,Jutor 英文互動提問平台,https://www.jutor.ai/event/junior-qa/index.html
n-j-114-vocab-b6-u4,全方位練習｜WordGym 單字健身坊,https://www.jutor.ai/event/wordgym/index.html?label=NI_B6_U4#/
n-j-114-vocab-b6-u4,Jutor 英文互動提問平台,https://www.jutor.ai/event/junior-qa/index.html
