出版社,冊次,課次,Label,GCS 連結,GitHub Pages 連結
康軒,B1,U1,KH_B1_U1,https://www.jutor.ai/event/wordgym/index.html?label=KH_B1_U1#/,https://youngger9765.github.io/WordGym-students-merge/?label=KH_B1_U1
康軒,B1,U2,KH_B1_U2,https://www.jutor.ai/event/wordgym/index.html?label=KH_B1_U2#/,https://youngger9765.github.io/WordGym-students-merge/?label=KH_B1_U2
康軒,B1,U3,KH_B1_U3,https://www.jutor.ai/event/wordgym/index.html?label=KH_B1_U3#/,https://youngger9765.github.io/WordGym-students-merge/?label=KH_B1_U3
康軒,B1,U4,KH_B1_U4,https://www.jutor.ai/event/wordgym/index.html?label=KH_B1_U4#/,https://youngger9765.github.io/WordGym-students-merge/?label=KH_B1_U4
康軒,B1,U5,KH_B1_U5,https://www.jutor.ai/event/wordgym/index.html?label=KH_B1_U5#/,https://youngger9765.github.io/WordGym-students-merge/?label=KH_B1_U5
康軒,B1,U6,KH_B1_U6,https://www.jutor.ai/event/wordgym/index.html?label=KH_B1_U6#/,https://youngger9765.github.io/WordGym-students-merge/?label=KH_B1_U6
康軒,B2,U1,KH_B2_U1,https://www.jutor.ai/event/wordgym/index.html?label=KH_B2_U1#/,https://youngger9765.github.io/WordGym-students-merge/?label=KH_B2_U1
康軒,B2,U2,KH_B2_U2,https://www.jutor.ai/event/wordgym/index.html?label=KH_B2_U2#/,https://youngger9765.github.io/WordGym-students-merge/?label=KH_B2_U2
康軒,B2,U3,KH_B2_U3,https://www.jutor.ai/event/wordgym/index.html?label=KH_B2_U3#/,https://youngger9765.github.io/WordGym-students-merge/?label=KH_B2_U3
康軒,B2,U4,KH_B2_U4,https://www.jutor.ai/event/wordgym/index.html?label=KH_B2_U4#/,https://youngger9765.github.io/WordGym-students-merge/?label=KH_B2_U4
康軒,B2,U5,KH_B2_U5,https://www.jutor.ai/event/wordgym/index.html?label=KH_B2_U5#/,https://youngger9765.github.io/WordGym-students-merge/?label=KH_B2_U5
康軒,B2,U6,KH_B2_U6,https://www.jutor.ai/event/wordgym/index.html?label=KH_B2_U6#/,https://youngger9765.github.io/WordGym-students-merge/?label=KH_B2_U6
康軒,B3,U1,KH_B3_U1,https://www.jutor.ai/event/wordgym/index.html?label=KH_B3_U1#/,https://youngger9765.github.io/WordGym-students-merge/?label=KH_B3_U1
康軒,B3,U2,KH_B3_U2,https://www.jutor.ai/event/wordgym/index.html?label=KH_B3_U2#/,https://youngger9765.github.io/WordGym-students-merge/?label=KH_B3_U2
康軒,B3,U3,KH_B3_U3,https://www.jutor.ai/event/wordgym/index.html?label=KH_B3_U3#/,https://youngger9765.github.io/WordGym-students-merge/?label=KH_B3_U3
康軒,B3,U4,KH_B3_U4,https://www.jutor.ai/event/wordgym/index.html?label=KH_B3_U4#/,https://youngger9765.github.io/WordGym-students-merge/?label=KH_B3_U4
康軒,B3,U5,KH_B3_U5,https://www.jutor.ai/event/wordgym/index.html?label=KH_B3_U5#/,https://youngger9765.github.io/WordGym-students-merge/?label=KH_B3_U5
康軒,B3,U6,KH_B3_U6,https://www.jutor.ai/event/wordgym/index.html?label=KH_B3_U6#/,https://youngger9765.github.io/WordGym-students-merge/?label=KH_B3_U6
康軒,B4,U1,KH_B4_U1,https://www.jutor.ai/event/wordgym/index.html?label=KH_B4_U1#/,https://youngger9765.github.io/WordGym-students-merge/?label=KH_B4_U1
康軒,B4,U2,KH_B4_U2,https://www.jutor.ai/event/wordgym/index.html?label=KH_B4_U2#/,https://youngger9765.github.io/WordGym-students-merge/?label=KH_B4_U2
康軒,B4,U3,KH_B4_U3,https://www.jutor.ai/event/wordgym/index.html?label=KH_B4_U3#/,https://youngger9765.github.io/WordGym-students-merge/?label=KH_B4_U3
康軒,B4,U4,KH_B4_U4,https://www.jutor.ai/event/wordgym/index.html?label=KH_B4_U4#/,https://youngger9765.github.io/WordGym-students-merge/?label=KH_B4_U4
康軒,B4,U5,KH_B4_U5,https://www.jutor.ai/event/wordgym/index.html?label=KH_B4_U5#/,https://youngger9765.github.io/WordGym-students-merge/?label=KH_B4_U5
康軒,B4,U6,KH_B4_U6,https://www.jutor.ai/event/wordgym/index.html?label=KH_B4_U6#/,https://youngger9765.github.io/WordGym-students-merge/?label=KH_B4_U6
康軒,B5,U1,KH_B5_U1,https://www.jutor.ai/event/wordgym/index.html?label=KH_B5_U1#/,https://youngger9765.github.io/WordGym-students-merge/?label=KH_B5_U1
康軒,B5,U2,KH_B5_U2,https://www.jutor.ai/event/wordgym/index.html?label=KH_B5_U2#/,https://youngger9765.github.io/WordGym-students-merge/?label=KH_B5_U2
康軒,B5,U3,KH_B5_U3,https://www.jutor.ai/event/wordgym/index.html?label=KH_B5_U3#/,https://youngger9765.github.io/WordGym-students-merge/?label=KH_B5_U3
康軒,B5,U4,KH_B5_U4,https://www.jutor.ai/event/wordgym/index.html?label=KH_B5_U4#/,https://youngger9765.github.io/WordGym-students-merge/?label=KH_B5_U4
康軒,B5,U5,KH_B5_U5,https://www.jutor.ai/event/wordgym/index.html?label=KH_B5_U5#/,https://youngger9765.github.io/WordGym-students-merge/?label=KH_B5_U5
康軒,B5,U6,KH_B5_U6,https://www.jutor.ai/event/wordgym/index.html?label=KH_B5_U6#/,https://youngger9765.github.io/WordGym-students-merge/?label=KH_B5_U6
康軒,B6,U1,KH_B6_U1,https://www.jutor.ai/event/wordgym/index.html?label=KH_B6_U1#/,https://youngger9765.github.io/WordGym-students-merge/?label=KH_B6_U1
康軒,B6,U2,KH_B6_U2,https://www.jutor.ai/event/wordgym/index.html?label=KH_B6_U2#/,https://youngger9765.github.io/WordGym-students-merge/?label=KH_B6_U2
康軒,B6,U3,KH_B6_U3,https://www.jutor.ai/event/wordgym/index.html?label=KH_B6_U3#/,https://youngger9765.github.io/WordGym-students-merge/?label=KH_B6_U3
康軒,B6,U4,KH_B6_U4,https://www.jutor.ai/event/wordgym/index.html?label=KH_B6_U4#/,https://youngger9765.github.io/WordGym-students-merge/?label=KH_B6_U4
翰林,B1,U1,HL_B1_U1,https://www.jutor.ai/event/wordgym/index.html?label=HL_B1_U1#/,https://youngger9765.github.io/WordGym-students-merge/?label=HL_B1_U1
翰林,B1,U2,HL_B1_U2,https://www.jutor.ai/event/wordgym/index.html?label=HL_B1_U2#/,https://youngger9765.github.io/WordGym-students-merge/?label=HL_B1_U2
翰林,B1,U3,HL_B1_U3,https://www.jutor.ai/event/wordgym/index.html?label=HL_B1_U3#/,https://youngger9765.github.io/WordGym-students-merge/?label=HL_B1_U3
翰林,B1,U4,HL_B1_U4,https://www.jutor.ai/event/wordgym/index.html?label=HL_B1_U4#/,https://youngger9765.github.io/WordGym-students-merge/?label=HL_B1_U4
翰林,B1,U5,HL_B1_U5,https://www.jutor.ai/event/wordgym/index.html?label=HL_B1_U5#/,https://youngger9765.github.io/WordGym-students-merge/?label=HL_B1_U5
翰林,B1,U6,HL_B1_U6,https://www.jutor.ai/event/wordgym/index.html?label=HL_B1_U6#/,https://youngger9765.github.io/WordGym-students-merge/?label=HL_B1_U6
翰林,B2,CU,HL_B2_CU,https://www.jutor.ai/event/wordgym/index.html?label=HL_B2_CU#/,https://youngger9765.github.io/WordGym-students-merge/?label=HL_B2_CU
翰林,B2,U1,HL_B2_U1,https://www.jutor.ai/event/wordgym/index.html?label=HL_B2_U1#/,https://youngger9765.github.io/WordGym-students-merge/?label=HL_B2_U1
翰林,B2,U2,HL_B2_U2,https://www.jutor.ai/event/wordgym/index.html?label=HL_B2_U2#/,https://youngger9765.github.io/WordGym-students-merge/?label=HL_B2_U2
翰林,B2,U3,HL_B2_U3,https://www.jutor.ai/event/wordgym/index.html?label=HL_B2_U3#/,https://youngger9765.github.io/WordGym-students-merge/?label=HL_B2_U3
翰林,B2,U4,HL_B2_U4,https://www.jutor.ai/event/wordgym/index.html?label=HL_B2_U4#/,https://youngger9765.github.io/WordGym-students-merge/?label=HL_B2_U4
翰林,B2,U5,HL_B2_U5,https://www.jutor.ai/event/wordgym/index.html?label=HL_B2_U5#/,https://youngger9765.github.io/WordGym-students-merge/?label=HL_B2_U5
翰林,B2,U6,HL_B2_U6,https://www.jutor.ai/event/wordgym/index.html?label=HL_B2_U6#/,https://youngger9765.github.io/WordGym-students-merge/?label=HL_B2_U6
翰林,B3,U1,HL_B3_U1,https://www.jutor.ai/event/wordgym/index.html?label=HL_B3_U1#/,https://youngger9765.github.io/WordGym-students-merge/?label=HL_B3_U1
翰林,B3,U2,HL_B3_U2,https://www.jutor.ai/event/wordgym/index.html?label=HL_B3_U2#/,https://youngger9765.github.io/WordGym-students-merge/?label=HL_B3_U2
翰林,B3,U3,HL_B3_U3,https://www.jutor.ai/event/wordgym/index.html?label=HL_B3_U3#/,https://youngger9765.github.io/WordGym-students-merge/?label=HL_B3_U3
翰林,B3,U4,HL_B3_U4,https://www.jutor.ai/event/wordgym/index.html?label=HL_B3_U4#/,https://youngger9765.github.io/WordGym-students-merge/?label=HL_B3_U4
翰林,B3,U5,HL_B3_U5,https://www.jutor.ai/event/wordgym/index.html?label=HL_B3_U5#/,https://youngger9765.github.io/WordGym-students-merge/?label=HL_B3_U5
翰林,B3,U6,HL_B3_U6,https://www.jutor.ai/event/wordgym/index.html?label=HL_B3_U6#/,https://youngger9765.github.io/WordGym-students-merge/?label=HL_B3_U6
翰林,B4,U1,HL_B4_U1,https://www.jutor.ai/event/wordgym/index.html?label=HL_B4_U1#/,https://youngger9765.github.io/WordGym-students-merge/?label=HL_B4_U1
翰林,B4,U2,HL_B4_U2,https://www.jutor.ai/event/wordgym/index.html?label=HL_B4_U2#/,https://youngger9765.github.io/WordGym-students-merge/?label=HL_B4_U2
翰林,B4,U3,HL_B4_U3,https://www.jutor.ai/event/wordgym/index.html?label=HL_B4_U3#/,https://youngger9765.github.io/WordGym-students-merge/?label=HL_B4_U3
翰林,B4,U4,HL_B4_U4,https://www.jutor.ai/event/wordgym/index.html?label=HL_B4_U4#/,https://youngger9765.github.io/WordGym-students-merge/?label=HL_B4_U4
翰林,B4,U5,HL_B4_U5,https://www.jutor.ai/event/wordgym/index.html?label=HL_B4_U5#/,https://youngger9765.github.io/WordGym-students-merge/?label=HL_B4_U5
翰林,B4,U6,HL_B4_U6,https://www.jutor.ai/event/wordgym/index.html?label=HL_B4_U6#/,https://youngger9765.github.io/WordGym-students-merge/?label=HL_B4_U6
翰林,B5,U1,HL_B5_U1,https://www.jutor.ai/event/wordgym/index.html?label=HL_B5_U1#/,https://youngger9765.github.io/WordGym-students-merge/?label=HL_B5_U1
翰林,B5,U2,HL_B5_U2,https://www.jutor.ai/event/wordgym/index.html?label=HL_B5_U2#/,https://youngger9765.github.io/WordGym-students-merge/?label=HL_B5_U2
翰林,B5,U3,HL_B5_U3,https://www.jutor.ai/event/wordgym/index.html?label=HL_B5_U3#/,https://youngger9765.github.io/WordGym-students-merge/?label=HL_B5_U3
翰林,B5,U4,HL_B5_U4,https://www.jutor.ai/event/wordgym/index.html?label=HL_B5_U4#/,https://youngger9765.github.io/WordGym-students-merge/?label=HL_B5_U4
翰林,B5,U5,HL_B5_U5,https://www.jutor.ai/event/wordgym/index.html?label=HL_B5_U5#/,https://youngger9765.github.io/WordGym-students-merge/?label=HL_B5_U5
翰林,B5,U6,HL_B5_U6,https://www.jutor.ai/event/wordgym/index.html?label=HL_B5_U6#/,https://youngger9765.github.io/WordGym-students-merge/?label=HL_B5_U6
翰林,B6,CU,HL_B6_CU,https://www.jutor.ai/event/wordgym/index.html?label=HL_B6_CU#/,https://youngger9765.github.io/WordGym-students-merge/?label=HL_B6_CU
翰林,B6,U1,HL_B6_U1,https://www.jutor.ai/event/wordgym/index.html?label=HL_B6_U1#/,https://youngger9765.github.io/WordGym-students-merge/?label=HL_B6_U1
翰林,B6,U2,HL_B6_U2,https://www.jutor.ai/event/wordgym/index.html?label=HL_B6_U2#/,https://youngger9765.github.io/WordGym-students-merge/?label=HL_B6_U2
翰林,B6,U3,HL_B6_U3,https://www.jutor.ai/event/wordgym/index.html?label=HL_B6_U3#/,https://youngger9765.github.io/WordGym-students-merge/?label=HL_B6_U3
翰林,B6,U4,HL_B6_U4,https://www.jutor.ai/event/wordgym/index.html?label=HL_B6_U4#/,https://youngger9765.github.io/WordGym-students-merge/?label=HL_B6_U4
南一,B1,U1,NI_B1_U1,https://www.jutor.ai/event/wordgym/index.html?label=NI_B1_U1#/,https://youngger9765.github.io/WordGym-students-merge/?label=NI_B1_U1
南一,B1,U2,NI_B1_U2,https://www.jutor.ai/event/wordgym/index.html?label=NI_B1_U2#/,https://youngger9765.github.io/WordGym-students-merge/?label=NI_B1_U2
南一,B1,U3,NI_B1_U3,https://www.jutor.ai/event/wordgym/index.html?label=NI_B1_U3#/,https://youngger9765.github.io/WordGym-students-merge/?label=NI_B1_U3
南一,B1,U4,NI_B1_U4,https://www.jutor.ai/event/wordgym/index.html?label=NI_B1_U4#/,https://youngger9765.github.io/WordGym-students-merge/?label=NI_B1_U4
南一,B1,U5,NI_B1_U5,https://www.jutor.ai/event/wordgym/index.html?label=NI_B1_U5#/,https://youngger9765.github.io/WordGym-students-merge/?label=NI_B1_U5
南一,B1,U6,NI_B1_U6,https://www.jutor.ai/event/wordgym/index.html?label=NI_B1_U6#/,https://youngger9765.github.io/WordGym-students-merge/?label=NI_B1_U6
南一,B2,U1,NI_B2_U1,https://www.jutor.ai/event/wordgym/index.html?label=NI_B2_U1#/,https://youngger9765.github.io/WordGym-students-merge/?label=NI_B2_U1
南一,B2,U2,NI_B2_U2,https://www.jutor.ai/event/wordgym/index.html?label=NI_B2_U2#/,https://youngger9765.github.io/WordGym-students-merge/?label=NI_B2_U2
南一,B2,U3,NI_B2_U3,https://www.jutor.ai/event/wordgym/index.html?label=NI_B2_U3#/,https://youngger9765.github.io/WordGym-students-merge/?label=NI_B2_U3
南一,B2,U4,NI_B2_U4,https://www.jutor.ai/event/wordgym/index.html?label=NI_B2_U4#/,https://youngger9765.github.io/WordGym-students-merge/?label=NI_B2_U4
南一,B2,U5,NI_B2_U5,https://www.jutor.ai/event/wordgym/index.html?label=NI_B2_U5#/,https://youngger9765.github.io/WordGym-students-merge/?label=NI_B2_U5
南一,B2,U6,NI_B2_U6,https://www.jutor.ai/event/wordgym/index.html?label=NI_B2_U6#/,https://youngger9765.github.io/WordGym-students-merge/?label=NI_B2_U6
南一,B3,U1,NI_B3_U1,https://www.jutor.ai/event/wordgym/index.html?label=NI_B3_U1#/,https://youngger9765.github.io/WordGym-students-merge/?label=NI_B3_U1
南一,B3,U2,NI_B3_U2,https://www.jutor.ai/event/wordgym/index.html?label=NI_B3_U2#/,https://youngger9765.github.io/WordGym-students-merge/?label=NI_B3_U2
南一,B3,U3,NI_B3_U3,https://www.jutor.ai/event/wordgym/index.html?label=NI_B3_U3#/,https://youngger9765.github.io/WordGym-students-merge/?label=NI_B3_U3
南一,B3,U4,NI_B3_U4,https://www.jutor.ai/event/wordgym/index.html?label=NI_B3_U4#/,https://youngger9765.github.io/WordGym-students-merge/?label=NI_B3_U4
南一,B3,U5,NI_B3_U5,https://www.jutor.ai/event/wordgym/index.html?label=NI_B3_U5#/,https://youngger9765.github.io/WordGym-students-merge/?label=NI_B3_U5
南一,B3,U6,NI_B3_U6,https://www.jutor.ai/event/wordgym/index.html?label=NI_B3_U6#/,https://youngger9765.github.io/WordGym-students-merge/?label=NI_B3_U6
南一,B4,U1,NI_B4_U1,https://www.jutor.ai/event/wordgym/index.html?label=NI_B4_U1#/,https://youngger9765.github.io/WordGym-students-merge/?label=NI_B4_U1
南一,B4,U2,NI_B4_U2,https://www.jutor.ai/event/wordgym/index.html?label=NI_B4_U2#/,https://youngger9765.github.io/WordGym-students-merge/?label=NI_B4_U2
南一,B4,U3,NI_B4_U3,https://www.jutor.ai/event/wordgym/index.html?label=NI_B4_U3#/,https://youngger9765.github.io/WordGym-students-merge/?label=NI_B4_U3
南一,B4,U4,NI_B4_U4,https://www.jutor.ai/event/wordgym/index.html?label=NI_B4_U4#/,https://youngger9765.github.io/WordGym-students-merge/?label=NI_B4_U4
南一,B4,U5,NI_B4_U5,https://www.jutor.ai/event/wordgym/index.html?label=NI_B4_U5#/,https://youngger9765.github.io/WordGym-students-merge/?label=NI_B4_U5
南一,B4,U6,NI_B4_U6,https://www.jutor.ai/event/wordgym/index.html?label=NI_B4_U6#/,https://youngger9765.github.io/WordGym-students-merge/?label=NI_B4_U6
南一,B5,U1,NI_B5_U1,https://www.jutor.ai/event/wordgym/index.html?label=NI_B5_U1#/,https://youngger9765.github.io/WordGym-students-merge/?label=NI_B5_U1
南一,B5,U2,NI_B5_U2,https://www.jutor.ai/event/wordgym/index.html?label=NI_B5_U2#/,https://youngger9765.github.io/WordGym-students-merge/?label=NI_B5_U2
南一,B5,U3,NI_B5_U3,https://www.jutor.ai/event/wordgym/index.html?label=NI_B5_U3#/,https://youngger9765.github.io/WordGym-students-merge/?label=NI_B5_U3
南一,B5,U4,NI_B5_U4,https://www.jutor.ai/event/wordgym/index.html?label=NI_B5_U4#/,https://youngger9765.github.io/WordGym-students-merge/?label=NI_B5_U4
南一,B5,U5,NI_B5_U5,https://www.jutor.ai/event/wordgym/index.html?label=NI_B5_U5#/,https://youngger9765.github.io/WordGym-students-merge/?label=NI_B5_U5
南一,B5,U6,NI_B5_U6,https://www.jutor.ai/event/wordgym/index.html?label=NI_B5_U6#/,https://youngger9765.github.io/WordGym-students-merge/?label=NI_B5_U6
南一,B6,U1,NI_B6_U1,https://www.jutor.ai/event/wordgym/index.html?label=NI_B6_U1#/,https://youngger9765.github.io/WordGym-students-merge/?label=NI_B6_U1
南一,B6,U2,NI_B6_U2,https://www.jutor.ai/event/wordgym/index.html?label=NI_B6_U2#/,https://youngger9765.github.io/WordGym-students-merge/?label=NI_B6_U2
南一,B6,U3,NI_B6_U3,https://www.jutor.ai/event/wordgym/index.html?label=NI_B6_U3#/,https://youngger9765.github.io/WordGym-students-merge/?label=NI_B6_U3
南一,B6,U4,NI_B6_U4,https://www.jutor.ai/event/wordgym/index.html?label=NI_B6_U4#/,https://youngger9765.github.io/WordGym-students-merge/?label=NI_B6_U4
